id,period,power
3b8bb733.2020-01-28_00-00-00.2020-02-02_00-00-00,57000,0.0677229900690899
3b8bb733.2020-01-28_00-00-00.2020-02-02_00-00-00,57600,0.0485559457700394
3b8bb733.2020-01-28_00-00-00.2020-02-02_00-00-00,58200,0.0160198296936213
3b8bb733.2020-01-28_00-00-00.2020-02-02_00-00-00,58800,-0.0123140378327451
3b8bb733.2020-01-28_00-00-00.2020-02-02_00-00-00,59400,-0.0325564506282722
3b8bb733.2020-01-28_00-00-00.2020-02-02_00-00-00,60000,-0.045219009773656
3b8bb733.2020-01-28_00-00-00.2020-02-02_00-00-00,60600,-0.039792127088854
3b8bb733.2020-01-28_00-00-00.2020-02-02_00-00-00,61200,-0.0211227443694793
3b8bb733.2020-01-28_00-00-00.2020-02-02_00-00-00,61800,0.000607123674607728
3b8bb733.2020-01-28_00-00-00.2020-02-02_00-00-00,62400,0.00669038953292069
3b8bb733.2020-01-28_00-00-00.2020-02-02_00-00-00,63000,0.00755558065439656
3b8bb733.2020-01-28_00-00-00.2020-02-02_00-00-00,63600,-0.0102796995369021
3b8bb733.2020-01-28_00-00-00.2020-02-02_00-00-00,64200,-0.030922507567748
3b8bb733.2020-01-28_00-00-00.2020-02-02_00-00-00,64800,-0.0460959204667304
3b8bb733.2020-01-28_00-00-00.2020-02-02_00-00-00,65400,-0.0529680583241398
3b8bb733.2020-01-28_00-00-00.2020-02-02_00-00-00,66000,-0.0530988142508439
3b8bb733.2020-01-28_00-00-00.2020-02-02_00-00-00,66600,-0.047953518922496
3b8bb733.2020-01-28_00-00-00.2020-02-02_00-00-00,67200,-0.0361892405009526
3b8bb733.2020-01-28_00-00-00.2020-02-02_00-00-00,67800,-0.0276282724010298
3b8bb733.2020-01-28_00-00-00.2020-02-02_00-00-00,68400,-0.00864228623285865
3b8bb733.2020-01-28_00-00-00.2020-02-02_00-00-00,69000,0.00745534787315389
3b8bb733.2020-01-28_00-00-00.2020-02-02_00-00-00,69600,0.0337734696866025
3b8bb733.2020-01-28_00-00-00.2020-02-02_00-00-00,70200,0.0476382861168786
3b8bb733.2020-01-28_00-00-00.2020-02-02_00-00-00,70800,0.0587326657381343
3b8bb733.2020-01-28_00-00-00.2020-02-02_00-00-00,71400,0.0516521610640759
3b8bb733.2020-01-28_00-00-00.2020-02-02_00-00-00,72000,0.0401777421868756
3b8bb733.2020-01-28_00-00-00.2020-02-02_00-00-00,72600,0.0255467460954942
3b8bb733.2020-01-28_00-00-00.2020-02-02_00-00-00,73200,0.0132143546250585
3b8bb733.2020-01-28_00-00-00.2020-02-02_00-00-00,73800,0.00233321157656518
3b8bb733.2020-01-28_00-00-00.2020-02-02_00-00-00,74400,-0.000229258217477277
3b8bb733.2020-01-28_00-00-00.2020-02-02_00-00-00,75000,-0.00061056855958824
3b8bb733.2020-01-28_00-00-00.2020-02-02_00-00-00,75600,-0.00499275139495356
3b8bb733.2020-01-28_00-00-00.2020-02-02_00-00-00,76200,-0.0105401623349293
3b8bb733.2020-01-28_00-00-00.2020-02-02_00-00-00,76800,-0.00557038106190284
3b8bb733.2020-01-28_00-00-00.2020-02-02_00-00-00,77400,-0.00248064296946526
3b8bb733.2020-01-28_00-00-00.2020-02-02_00-00-00,78000,0.00755846061807179
3b8bb733.2020-01-28_00-00-00.2020-02-02_00-00-00,78600,0.032798323260899
3b8bb733.2020-01-28_00-00-00.2020-02-02_00-00-00,79200,0.0601804437916409
3b8bb733.2020-01-28_00-00-00.2020-02-02_00-00-00,79800,0.0758504221493151
3b8bb733.2020-01-28_00-00-00.2020-02-02_00-00-00,80400,0.0783941364627499
3b8bb733.2020-01-28_00-00-00.2020-02-02_00-00-00,81000,0.0694571488581691
3b8bb733.2020-01-28_00-00-00.2020-02-02_00-00-00,81600,0.0376868486199058
3b8bb733.2020-01-28_00-00-00.2020-02-02_00-00-00,82200,-0.00254768373941335
3b8bb733.2020-01-28_00-00-00.2020-02-02_00-00-00,82800,-0.0424051989105809
3b8bb733.2020-01-28_00-00-00.2020-02-02_00-00-00,83400,-0.0642598457499022
3b8bb733.2020-01-28_00-00-00.2020-02-02_00-00-00,84000,-0.0744902177490278
3b8bb733.2020-01-28_00-00-00.2020-02-02_00-00-00,84600,-0.0631973287027341
3b8bb733.2020-01-28_00-00-00.2020-02-02_00-00-00,85200,-0.0405878665074419
3b8bb733.2020-01-28_00-00-00.2020-02-02_00-00-00,85800,-0.0117240677782851
3b8bb733.2020-01-28_00-00-00.2020-02-02_00-00-00,86400,0.0056846629488331
3b8bb733.2020-01-28_00-00-00.2020-02-02_00-00-00,87000,0.010613445299994
3b8bb733.2020-01-28_00-00-00.2020-02-02_00-00-00,87600,0.0106858979684282
3b8bb733.2020-01-28_00-00-00.2020-02-02_00-00-00,88200,0.00557513554595494
3b8bb733.2020-01-28_00-00-00.2020-02-02_00-00-00,88800,0.00100569170740404
3b8bb733.2020-01-28_00-00-00.2020-02-02_00-00-00,89400,0.001004557962807
3b8bb733.2020-01-28_00-00-00.2020-02-02_00-00-00,90000,0.012170029730977
3b8bb733.2020-01-28_00-00-00.2020-02-02_00-00-00,90600,0.0243385764264843
3b8bb733.2020-01-28_00-00-00.2020-02-02_00-00-00,91200,0.0310423224492363
3b8bb733.2020-01-28_00-00-00.2020-02-02_00-00-00,91800,0.0282976832419064
3b8bb733.2020-01-28_00-00-00.2020-02-02_00-00-00,92400,0.0223395967152072
3b8bb733.2020-01-28_00-00-00.2020-02-02_00-00-00,93000,-0.000889040639479496
3b8bb733.2020-01-28_00-00-00.2020-02-02_00-00-00,93600,-0.030641302772249
3b8bb733.2020-01-28_00-00-00.2020-02-02_00-00-00,94200,-0.0595381544577872
3b8bb733.2020-01-28_00-00-00.2020-02-02_00-00-00,94800,-0.0805344690237742
3b8bb733.2020-01-28_00-00-00.2020-02-02_00-00-00,95400,-0.09387938597565
3b8bb733.2020-01-28_00-00-00.2020-02-02_00-00-00,96000,-0.0932224460654659
3b8bb733.2020-01-28_00-00-00.2020-02-02_00-00-00,96600,-0.0713036855207367
3b8bb733.2020-01-28_00-00-00.2020-02-02_00-00-00,97200,-0.0448214647857374
3b8bb733.2020-01-28_00-00-00.2020-02-02_00-00-00,97800,-0.0205002265422626
3b8bb733.2020-01-28_00-00-00.2020-02-02_00-00-00,98400,0.00744384400094971
3b8bb733.2020-01-28_00-00-00.2020-02-02_00-00-00,99000,0.0295673869660241
3b8bb733.2020-01-28_00-00-00.2020-02-02_00-00-00,99600,0.035933267959957
3b8bb733.2020-01-28_00-00-00.2020-02-02_00-00-00,100200,0.0328811216322839
3b8bb733.2020-01-28_00-00-00.2020-02-02_00-00-00,100800,0.032662292196271
3b8bb733.2020-01-28_00-00-00.2020-02-02_00-00-00,101400,0.0230372862325877
3b8bb733.2020-01-28_00-00-00.2020-02-02_00-00-00,102000,0.00836626239901639
3b8bb733.2020-01-28_00-00-00.2020-02-02_00-00-00,102600,-0.00693019129145581
3b8bb733.2020-01-28_00-00-00.2020-02-02_00-00-00,103200,-0.0210296652705817
3b8bb733.2020-01-28_00-00-00.2020-02-02_00-00-00,103800,-0.0419529935511908
3b8bb733.2020-01-28_00-00-00.2020-02-02_00-00-00,104400,-0.0558080468551941
3b8bb733.2020-01-28_00-00-00.2020-02-02_00-00-00,105000,-0.0612329780167003
3b8bb733.2020-01-28_00-00-00.2020-02-02_00-00-00,105600,-0.0595679457992033
3b8bb733.2020-01-28_00-00-00.2020-02-02_00-00-00,106200,-0.0538427198490286
3b8bb733.2020-01-28_00-00-00.2020-02-02_00-00-00,106800,-0.0506174330065369
3b8bb733.2020-01-28_00-00-00.2020-02-02_00-00-00,107400,-0.0447659154200175
3b8bb733.2020-01-28_00-00-00.2020-02-02_00-00-00,108000,-0.0538004898275172
3b8bb733.2020-01-28_00-00-00.2020-02-02_00-00-00,108600,-0.0609663856107053
3b8bb733.2020-01-28_00-00-00.2020-02-02_00-00-00,109200,-0.0646876811299915
3b8bb733.2020-01-28_00-00-00.2020-02-02_00-00-00,109800,-0.0647927469607449
3b8bb733.2020-01-28_00-00-00.2020-02-02_00-00-00,110400,-0.0600142490210759
3b8bb733.2020-01-28_00-00-00.2020-02-02_00-00-00,111000,-0.0468961339220608
3b8bb733.2020-01-28_00-00-00.2020-02-02_00-00-00,111600,-0.0348850855742008
3b8bb733.2020-01-28_00-00-00.2020-02-02_00-00-00,112200,-0.0301347759223111
3b8bb733.2020-01-28_00-00-00.2020-02-02_00-00-00,112800,-0.03193211489583
3b8bb733.2020-01-28_00-00-00.2020-02-02_00-00-00,113400,-0.0345767051639887
3b8bb733.2020-01-28_00-00-00.2020-02-02_00-00-00,114000,-0.0384759216217191
3b8bb733.2020-01-28_00-00-00.2020-02-02_00-00-00,114600,-0.0456857339571041
3b8bb733.2020-01-28_00-00-00.2020-02-02_00-00-00,115200,-0.0523813336547482
3b8bb733.2020-02-04_00-00-00.2020-02-09_00-00-00,57000,0.0991333837810888
3b8bb733.2020-02-04_00-00-00.2020-02-09_00-00-00,57600,0.115113475098811
3b8bb733.2020-02-04_00-00-00.2020-02-09_00-00-00,58200,0.130885049307913
3b8bb733.2020-02-04_00-00-00.2020-02-09_00-00-00,58800,0.126514957614145
3b8bb733.2020-02-04_00-00-00.2020-02-09_00-00-00,59400,0.125257447731679
3b8bb733.2020-02-04_00-00-00.2020-02-09_00-00-00,60000,0.0923918738938824
3b8bb733.2020-02-04_00-00-00.2020-02-09_00-00-00,60600,0.0547226625582787
3b8bb733.2020-02-04_00-00-00.2020-02-09_00-00-00,61200,0.0337298262239122
3b8bb733.2020-02-04_00-00-00.2020-02-09_00-00-00,61800,0.020673606554861
3b8bb733.2020-02-04_00-00-00.2020-02-09_00-00-00,62400,0.0106954819658552
3b8bb733.2020-02-04_00-00-00.2020-02-09_00-00-00,63000,-0.00131734170684859
3b8bb733.2020-02-04_00-00-00.2020-02-09_00-00-00,63600,0.0105722555226284
3b8bb733.2020-02-04_00-00-00.2020-02-09_00-00-00,64200,0.0379125591939353
3b8bb733.2020-02-04_00-00-00.2020-02-09_00-00-00,64800,0.0457477500545178
3b8bb733.2020-02-04_00-00-00.2020-02-09_00-00-00,65400,0.0507473394411842
3b8bb733.2020-02-04_00-00-00.2020-02-09_00-00-00,66000,0.0430436925757827
3b8bb733.2020-02-04_00-00-00.2020-02-09_00-00-00,66600,0.0369076003185334
3b8bb733.2020-02-04_00-00-00.2020-02-09_00-00-00,67200,0.0256429273152935
3b8bb733.2020-02-04_00-00-00.2020-02-09_00-00-00,67800,-0.0134530499590654
3b8bb733.2020-02-04_00-00-00.2020-02-09_00-00-00,68400,-0.0431738701687823
3b8bb733.2020-02-04_00-00-00.2020-02-09_00-00-00,69000,-0.0525745570066134
3b8bb733.2020-02-04_00-00-00.2020-02-09_00-00-00,69600,-0.0565616358473267
3b8bb733.2020-02-04_00-00-00.2020-02-09_00-00-00,70200,-0.0578539576299539
3b8bb733.2020-02-04_00-00-00.2020-02-09_00-00-00,70800,-0.0655127039149362
3b8bb733.2020-02-04_00-00-00.2020-02-09_00-00-00,71400,-0.054073193912366
3b8bb733.2020-02-04_00-00-00.2020-02-09_00-00-00,72000,-0.037154462935874
3b8bb733.2020-02-04_00-00-00.2020-02-09_00-00-00,72600,-0.0151807862185185
3b8bb733.2020-02-04_00-00-00.2020-02-09_00-00-00,73200,-0.00547595099761113
3b8bb733.2020-02-04_00-00-00.2020-02-09_00-00-00,73800,0.0264940730531058
3b8bb733.2020-02-04_00-00-00.2020-02-09_00-00-00,74400,0.0622769137783472
3b8bb733.2020-02-04_00-00-00.2020-02-09_00-00-00,75000,0.0941870525305576
3b8bb733.2020-02-04_00-00-00.2020-02-09_00-00-00,75600,0.124408667962743
3b8bb733.2020-02-04_00-00-00.2020-02-09_00-00-00,76200,0.141547293000991
3b8bb733.2020-02-04_00-00-00.2020-02-09_00-00-00,76800,0.148956368769684
3b8bb733.2020-02-04_00-00-00.2020-02-09_00-00-00,77400,0.156096405933559
3b8bb733.2020-02-04_00-00-00.2020-02-09_00-00-00,78000,0.14985163909601
3b8bb733.2020-02-04_00-00-00.2020-02-09_00-00-00,78600,0.138279595194138
3b8bb733.2020-02-04_00-00-00.2020-02-09_00-00-00,79200,0.12027005401363
3b8bb733.2020-02-04_00-00-00.2020-02-09_00-00-00,79800,0.122249098913644
3b8bb733.2020-02-04_00-00-00.2020-02-09_00-00-00,80400,0.10253316611857
3b8bb733.2020-02-04_00-00-00.2020-02-09_00-00-00,81000,0.0785043230918321
3b8bb733.2020-02-04_00-00-00.2020-02-09_00-00-00,81600,0.0824153928560855
3b8bb733.2020-02-04_00-00-00.2020-02-09_00-00-00,82200,0.0840859384231635
3b8bb733.2020-02-04_00-00-00.2020-02-09_00-00-00,82800,0.0917733388276024
3b8bb733.2020-02-04_00-00-00.2020-02-09_00-00-00,83400,0.0880096045922471
3b8bb733.2020-02-04_00-00-00.2020-02-09_00-00-00,84000,0.0946468129380053
3b8bb733.2020-02-04_00-00-00.2020-02-09_00-00-00,84600,0.0919072495130654
3b8bb733.2020-02-04_00-00-00.2020-02-09_00-00-00,85200,0.0772423033388861
3b8bb733.2020-02-04_00-00-00.2020-02-09_00-00-00,85800,0.0707166024709309
3b8bb733.2020-02-04_00-00-00.2020-02-09_00-00-00,86400,0.0554685101204079
3b8bb733.2020-02-04_00-00-00.2020-02-09_00-00-00,87000,0.048421349655679
3b8bb733.2020-02-04_00-00-00.2020-02-09_00-00-00,87600,0.0375560520537237
3b8bb733.2020-02-04_00-00-00.2020-02-09_00-00-00,88200,0.0211662590004089
3b8bb733.2020-02-04_00-00-00.2020-02-09_00-00-00,88800,0.00913901419846771
3b8bb733.2020-02-04_00-00-00.2020-02-09_00-00-00,89400,0.0105765037569271
3b8bb733.2020-02-04_00-00-00.2020-02-09_00-00-00,90000,0.01683075472753
3b8bb733.2020-02-04_00-00-00.2020-02-09_00-00-00,90600,0.0198140458528782
3b8bb733.2020-02-04_00-00-00.2020-02-09_00-00-00,91200,0.0326468247174854
3b8bb733.2020-02-04_00-00-00.2020-02-09_00-00-00,91800,0.0413787581369156
3b8bb733.2020-02-04_00-00-00.2020-02-09_00-00-00,92400,0.0475226087874005
3b8bb733.2020-02-04_00-00-00.2020-02-09_00-00-00,93000,0.0373849437873828
3b8bb733.2020-02-04_00-00-00.2020-02-09_00-00-00,93600,0.0280714423632614
3b8bb733.2020-02-04_00-00-00.2020-02-09_00-00-00,94200,0.0187128919690216
3b8bb733.2020-02-04_00-00-00.2020-02-09_00-00-00,94800,0.0104904510848824
3b8bb733.2020-02-04_00-00-00.2020-02-09_00-00-00,95400,0.0050464311889914
3b8bb733.2020-02-04_00-00-00.2020-02-09_00-00-00,96000,0.0010998215559514
3b8bb733.2020-02-04_00-00-00.2020-02-09_00-00-00,96600,-0.00576146776146558
3b8bb733.2020-02-04_00-00-00.2020-02-09_00-00-00,97200,-0.0134621549378954
3b8bb733.2020-02-04_00-00-00.2020-02-09_00-00-00,97800,-0.0374770135064606
3b8bb733.2020-02-04_00-00-00.2020-02-09_00-00-00,98400,-0.0530246752606918
3b8bb733.2020-02-04_00-00-00.2020-02-09_00-00-00,99000,-0.0796038984866988
3b8bb733.2020-02-04_00-00-00.2020-02-09_00-00-00,99600,-0.0945128506899394
3b8bb733.2020-02-04_00-00-00.2020-02-09_00-00-00,100200,-0.105678017306854
3b8bb733.2020-02-04_00-00-00.2020-02-09_00-00-00,100800,-0.112887244691684
3b8bb733.2020-02-04_00-00-00.2020-02-09_00-00-00,101400,-0.103042303177217
3b8bb733.2020-02-04_00-00-00.2020-02-09_00-00-00,102000,-0.0944595857661137
3b8bb733.2020-02-04_00-00-00.2020-02-09_00-00-00,102600,-0.063924517416223
3b8bb733.2020-02-04_00-00-00.2020-02-09_00-00-00,103200,-0.0439367187741387
3b8bb733.2020-02-04_00-00-00.2020-02-09_00-00-00,103800,-0.00895579955927397
3b8bb733.2020-02-04_00-00-00.2020-02-09_00-00-00,104400,0.0108456905929321
3b8bb733.2020-02-04_00-00-00.2020-02-09_00-00-00,105000,0.0270495969980977
3b8bb733.2020-02-04_00-00-00.2020-02-09_00-00-00,105600,0.0350569664432218
3b8bb733.2020-02-04_00-00-00.2020-02-09_00-00-00,106200,0.0322285134532011
3b8bb733.2020-02-04_00-00-00.2020-02-09_00-00-00,106800,0.0161720156612019
3b8bb733.2020-02-04_00-00-00.2020-02-09_00-00-00,107400,0.00248632540778225
3b8bb733.2020-02-04_00-00-00.2020-02-09_00-00-00,108000,0.00419259923534235
3b8bb733.2020-02-04_00-00-00.2020-02-09_00-00-00,108600,-0.00645559283718843
3b8bb733.2020-02-04_00-00-00.2020-02-09_00-00-00,109200,0.00491777914438164
3b8bb733.2020-02-04_00-00-00.2020-02-09_00-00-00,109800,0.0153559823645601
3b8bb733.2020-02-04_00-00-00.2020-02-09_00-00-00,110400,0.0237654578552426
3b8bb733.2020-02-04_00-00-00.2020-02-09_00-00-00,111000,0.0221797667087783
3b8bb733.2020-02-04_00-00-00.2020-02-09_00-00-00,111600,0.00651315596843045
3b8bb733.2020-02-04_00-00-00.2020-02-09_00-00-00,112200,-0.0224134758076201
3b8bb733.2020-02-04_00-00-00.2020-02-09_00-00-00,112800,-0.0628973026496428
3b8bb733.2020-02-04_00-00-00.2020-02-09_00-00-00,113400,-0.0815334297907455
3b8bb733.2020-02-04_00-00-00.2020-02-09_00-00-00,114000,-0.0784002815505907
3b8bb733.2020-02-04_00-00-00.2020-02-09_00-00-00,114600,-0.0785469269675486
3b8bb733.2020-02-04_00-00-00.2020-02-09_00-00-00,115200,-0.0556548067663823
3b8bb733.2020-02-10_00-00-00.2020-02-16_00-00-00,57000,-0.120363384009006
3b8bb733.2020-02-10_00-00-00.2020-02-16_00-00-00,57600,-0.127533105203544
3b8bb733.2020-02-10_00-00-00.2020-02-16_00-00-00,58200,-0.123941911742412
3b8bb733.2020-02-10_00-00-00.2020-02-16_00-00-00,58800,-0.112071598518087
3b8bb733.2020-02-10_00-00-00.2020-02-16_00-00-00,59400,-0.0945489247492815
3b8bb733.2020-02-10_00-00-00.2020-02-16_00-00-00,60000,-0.0754931235405755
3b8bb733.2020-02-10_00-00-00.2020-02-16_00-00-00,60600,-0.0555705965961589
3b8bb733.2020-02-10_00-00-00.2020-02-16_00-00-00,61200,-0.0386169509488409
3b8bb733.2020-02-10_00-00-00.2020-02-16_00-00-00,61800,-0.0277300827098841
3b8bb733.2020-02-10_00-00-00.2020-02-16_00-00-00,62400,-0.0243037270012564
3b8bb733.2020-02-10_00-00-00.2020-02-16_00-00-00,63000,-0.012967635011883
3b8bb733.2020-02-10_00-00-00.2020-02-16_00-00-00,63600,-0.0160392120751779
3b8bb733.2020-02-10_00-00-00.2020-02-16_00-00-00,64200,-0.0220274289755069
3b8bb733.2020-02-10_00-00-00.2020-02-16_00-00-00,64800,-0.0292703711506776
3b8bb733.2020-02-10_00-00-00.2020-02-16_00-00-00,65400,-0.0447019663457624
3b8bb733.2020-02-10_00-00-00.2020-02-16_00-00-00,66000,-0.0659416136220714
3b8bb733.2020-02-10_00-00-00.2020-02-16_00-00-00,66600,-0.085901019197555
3b8bb733.2020-02-10_00-00-00.2020-02-16_00-00-00,67200,-0.0991069596421135
3b8bb733.2020-02-10_00-00-00.2020-02-16_00-00-00,67800,-0.110857182594105
3b8bb733.2020-02-10_00-00-00.2020-02-16_00-00-00,68400,-0.115985506434536
3b8bb733.2020-02-10_00-00-00.2020-02-16_00-00-00,69000,-0.11356856808398
3b8bb733.2020-02-10_00-00-00.2020-02-16_00-00-00,69600,-0.111345011779891
3b8bb733.2020-02-10_00-00-00.2020-02-16_00-00-00,70200,-0.10414932213133
3b8bb733.2020-02-10_00-00-00.2020-02-16_00-00-00,70800,-0.0939035306273241
3b8bb733.2020-02-10_00-00-00.2020-02-16_00-00-00,71400,-0.0808446964406596
3b8bb733.2020-02-10_00-00-00.2020-02-16_00-00-00,72000,-0.0663825215413933
3b8bb733.2020-02-10_00-00-00.2020-02-16_00-00-00,72600,-0.0488756073492461
3b8bb733.2020-02-10_00-00-00.2020-02-16_00-00-00,73200,-0.041705480493263
3b8bb733.2020-02-10_00-00-00.2020-02-16_00-00-00,73800,-0.040562265815841
3b8bb733.2020-02-10_00-00-00.2020-02-16_00-00-00,74400,-0.032178044395518
3b8bb733.2020-02-10_00-00-00.2020-02-16_00-00-00,75000,-0.0268045311489565
3b8bb733.2020-02-10_00-00-00.2020-02-16_00-00-00,75600,-0.0281967251462709
3b8bb733.2020-02-10_00-00-00.2020-02-16_00-00-00,76200,-0.0200222824845337
3b8bb733.2020-02-10_00-00-00.2020-02-16_00-00-00,76800,0.00263171922175271
3b8bb733.2020-02-10_00-00-00.2020-02-16_00-00-00,77400,0.0126872076380783
3b8bb733.2020-02-10_00-00-00.2020-02-16_00-00-00,78000,0.0163685276001454
3b8bb733.2020-02-10_00-00-00.2020-02-16_00-00-00,78600,0.0243818782923262
3b8bb733.2020-02-10_00-00-00.2020-02-16_00-00-00,79200,0.0305755757859547
3b8bb733.2020-02-10_00-00-00.2020-02-16_00-00-00,79800,0.0295325182706967
3b8bb733.2020-02-10_00-00-00.2020-02-16_00-00-00,80400,0.032173601551312
3b8bb733.2020-02-10_00-00-00.2020-02-16_00-00-00,81000,0.0343106617548009
3b8bb733.2020-02-10_00-00-00.2020-02-16_00-00-00,81600,0.0437133809861724
3b8bb733.2020-02-10_00-00-00.2020-02-16_00-00-00,82200,0.0608329087489883
3b8bb733.2020-02-10_00-00-00.2020-02-16_00-00-00,82800,0.0894878967637862
3b8bb733.2020-02-10_00-00-00.2020-02-16_00-00-00,83400,0.133601152676246
3b8bb733.2020-02-10_00-00-00.2020-02-16_00-00-00,84000,0.197436067428505
3b8bb733.2020-02-10_00-00-00.2020-02-16_00-00-00,84600,0.270818893534347
3b8bb733.2020-02-10_00-00-00.2020-02-16_00-00-00,85200,0.335689630177555
3b8bb733.2020-02-10_00-00-00.2020-02-16_00-00-00,85800,0.384466409974543
3b8bb733.2020-02-10_00-00-00.2020-02-16_00-00-00,86400,0.404035698726773
3b8bb733.2020-02-10_00-00-00.2020-02-16_00-00-00,87000,0.385158993999481
3b8bb733.2020-02-10_00-00-00.2020-02-16_00-00-00,87600,0.340075776316002
3b8bb733.2020-02-10_00-00-00.2020-02-16_00-00-00,88200,0.277105540183228
3b8bb733.2020-02-10_00-00-00.2020-02-16_00-00-00,88800,0.210767423952376
3b8bb733.2020-02-10_00-00-00.2020-02-16_00-00-00,89400,0.146099909309773
3b8bb733.2020-02-10_00-00-00.2020-02-16_00-00-00,90000,0.0950158493853954
3b8bb733.2020-02-10_00-00-00.2020-02-16_00-00-00,90600,0.0551934942089664
3b8bb733.2020-02-10_00-00-00.2020-02-16_00-00-00,91200,0.0245514491088905
3b8bb733.2020-02-10_00-00-00.2020-02-16_00-00-00,91800,0.00939097448527236
3b8bb733.2020-02-10_00-00-00.2020-02-16_00-00-00,92400,-0.00185758941979872
3b8bb733.2020-02-10_00-00-00.2020-02-16_00-00-00,93000,-0.00401256076790506
3b8bb733.2020-02-10_00-00-00.2020-02-16_00-00-00,93600,0.00618756849673344
3b8bb733.2020-02-10_00-00-00.2020-02-16_00-00-00,94200,0.0087950675691788
3b8bb733.2020-02-10_00-00-00.2020-02-16_00-00-00,94800,0.00446197460896822
3b8bb733.2020-02-10_00-00-00.2020-02-16_00-00-00,95400,-0.00566358688178581
3b8bb733.2020-02-10_00-00-00.2020-02-16_00-00-00,96000,-0.0219351036951664
3b8bb733.2020-02-10_00-00-00.2020-02-16_00-00-00,96600,-0.0488665023074891
3b8bb733.2020-02-10_00-00-00.2020-02-16_00-00-00,97200,-0.0702782236555575
3b8bb733.2020-02-10_00-00-00.2020-02-16_00-00-00,97800,-0.0861387619868173
3b8bb733.2020-02-10_00-00-00.2020-02-16_00-00-00,98400,-0.100451371855727
3b8bb733.2020-02-10_00-00-00.2020-02-16_00-00-00,99000,-0.10760935332549
3b8bb733.2020-02-10_00-00-00.2020-02-16_00-00-00,99600,-0.105202281406844
3b8bb733.2020-02-10_00-00-00.2020-02-16_00-00-00,100200,-0.101990121254362
3b8bb733.2020-02-10_00-00-00.2020-02-16_00-00-00,100800,-0.0959330528631949
3b8bb733.2020-02-10_00-00-00.2020-02-16_00-00-00,101400,-0.0819564579898975
3b8bb733.2020-02-10_00-00-00.2020-02-16_00-00-00,102000,-0.072591247076292
3b8bb733.2020-02-10_00-00-00.2020-02-16_00-00-00,102600,-0.0675125362164059
3b8bb733.2020-02-10_00-00-00.2020-02-16_00-00-00,103200,-0.061191052041507
3b8bb733.2020-02-10_00-00-00.2020-02-16_00-00-00,103800,-0.0617031124007097
3b8bb733.2020-02-10_00-00-00.2020-02-16_00-00-00,104400,-0.0684662393151666
3b8bb733.2020-02-10_00-00-00.2020-02-16_00-00-00,105000,-0.0803224998770173
3b8bb733.2020-02-10_00-00-00.2020-02-16_00-00-00,105600,-0.0890792942599642
3b8bb733.2020-02-10_00-00-00.2020-02-16_00-00-00,106200,-0.103796125233845
3b8bb733.2020-02-10_00-00-00.2020-02-16_00-00-00,106800,-0.116260930314107
3b8bb733.2020-02-10_00-00-00.2020-02-16_00-00-00,107400,-0.128235937709393
3b8bb733.2020-02-10_00-00-00.2020-02-16_00-00-00,108000,-0.137154139359414
3b8bb733.2020-02-10_00-00-00.2020-02-16_00-00-00,108600,-0.142784024695712
3b8bb733.2020-02-10_00-00-00.2020-02-16_00-00-00,109200,-0.141351271768962
3b8bb733.2020-02-10_00-00-00.2020-02-16_00-00-00,109800,-0.135313414368289
3b8bb733.2020-02-10_00-00-00.2020-02-16_00-00-00,110400,-0.12371456365044
3b8bb733.2020-02-10_00-00-00.2020-02-16_00-00-00,111000,-0.107288255370213
3b8bb733.2020-02-10_00-00-00.2020-02-16_00-00-00,111600,-0.0908219821628633
3b8bb733.2020-02-10_00-00-00.2020-02-16_00-00-00,112200,-0.0722021992241591
3b8bb733.2020-02-10_00-00-00.2020-02-16_00-00-00,112800,-0.0536045705273148
3b8bb733.2020-02-10_00-00-00.2020-02-16_00-00-00,113400,-0.042007069997878
3b8bb733.2020-02-10_00-00-00.2020-02-16_00-00-00,114000,-0.0355041189603023
3b8bb733.2020-02-10_00-00-00.2020-02-16_00-00-00,114600,-0.0338423618524191
3b8bb733.2020-02-10_00-00-00.2020-02-16_00-00-00,115200,-0.036584605808012
7168f343.2020-01-28_00-00-00.2020-02-02_00-00-00,57000,-0.0706411167944756
7168f343.2020-01-28_00-00-00.2020-02-02_00-00-00,57600,-0.0859619020489449
7168f343.2020-01-28_00-00-00.2020-02-02_00-00-00,58200,-0.0962469210134293
7168f343.2020-01-28_00-00-00.2020-02-02_00-00-00,58800,-0.0915779309835816
7168f343.2020-01-28_00-00-00.2020-02-02_00-00-00,59400,-0.0760128713340393
7168f343.2020-01-28_00-00-00.2020-02-02_00-00-00,60000,-0.0541344381151554
7168f343.2020-01-28_00-00-00.2020-02-02_00-00-00,60600,-0.0374104484733265
7168f343.2020-01-28_00-00-00.2020-02-02_00-00-00,61200,-0.0197661900306575
7168f343.2020-01-28_00-00-00.2020-02-02_00-00-00,61800,-0.0149833475200221
7168f343.2020-01-28_00-00-00.2020-02-02_00-00-00,62400,-0.0194342742539675
7168f343.2020-01-28_00-00-00.2020-02-02_00-00-00,63000,-0.0226133119475669
7168f343.2020-01-28_00-00-00.2020-02-02_00-00-00,63600,-0.0207461940731045
7168f343.2020-01-28_00-00-00.2020-02-02_00-00-00,64200,-0.0161791305089106
7168f343.2020-01-28_00-00-00.2020-02-02_00-00-00,64800,-0.0164811278113802
7168f343.2020-01-28_00-00-00.2020-02-02_00-00-00,65400,-0.0188092510600318
7168f343.2020-01-28_00-00-00.2020-02-02_00-00-00,66000,-0.0308202123528417
7168f343.2020-01-28_00-00-00.2020-02-02_00-00-00,66600,-0.0499286785699425
7168f343.2020-01-28_00-00-00.2020-02-02_00-00-00,67200,-0.07698939756282
7168f343.2020-01-28_00-00-00.2020-02-02_00-00-00,67800,-0.098591361969309
7168f343.2020-01-28_00-00-00.2020-02-02_00-00-00,68400,-0.116714430906914
7168f343.2020-01-28_00-00-00.2020-02-02_00-00-00,69000,-0.127327173321815
7168f343.2020-01-28_00-00-00.2020-02-02_00-00-00,69600,-0.131058177823395
7168f343.2020-01-28_00-00-00.2020-02-02_00-00-00,70200,-0.117532967084218
7168f343.2020-01-28_00-00-00.2020-02-02_00-00-00,70800,-0.106473300625375
7168f343.2020-01-28_00-00-00.2020-02-02_00-00-00,71400,-0.0947382454913581
7168f343.2020-01-28_00-00-00.2020-02-02_00-00-00,72000,-0.0800108440106717
7168f343.2020-01-28_00-00-00.2020-02-02_00-00-00,72600,-0.0724848874729195
7168f343.2020-01-28_00-00-00.2020-02-02_00-00-00,73200,-0.0756568319359127
7168f343.2020-01-28_00-00-00.2020-02-02_00-00-00,73800,-0.0880341900664675
7168f343.2020-01-28_00-00-00.2020-02-02_00-00-00,74400,-0.10011691866184
7168f343.2020-01-28_00-00-00.2020-02-02_00-00-00,75000,-0.1056183717416
7168f343.2020-01-28_00-00-00.2020-02-02_00-00-00,75600,-0.10875882639245
7168f343.2020-01-28_00-00-00.2020-02-02_00-00-00,76200,-0.11124905455893
7168f343.2020-01-28_00-00-00.2020-02-02_00-00-00,76800,-0.0961493165838171
7168f343.2020-01-28_00-00-00.2020-02-02_00-00-00,77400,-0.0802445151347815
7168f343.2020-01-28_00-00-00.2020-02-02_00-00-00,78000,-0.0749505045139171
7168f343.2020-01-28_00-00-00.2020-02-02_00-00-00,78600,-0.0750664142665749
7168f343.2020-01-28_00-00-00.2020-02-02_00-00-00,79200,-0.065323400791523
7168f343.2020-01-28_00-00-00.2020-02-02_00-00-00,79800,-0.0588433912122724
7168f343.2020-01-28_00-00-00.2020-02-02_00-00-00,80400,-0.0493517431820122
7168f343.2020-01-28_00-00-00.2020-02-02_00-00-00,81000,-0.0330585769187522
7168f343.2020-01-28_00-00-00.2020-02-02_00-00-00,81600,0.0026827107327388
7168f343.2020-01-28_00-00-00.2020-02-02_00-00-00,82200,0.0468273895610765
7168f343.2020-01-28_00-00-00.2020-02-02_00-00-00,82800,0.102140143792375
7168f343.2020-01-28_00-00-00.2020-02-02_00-00-00,83400,0.175230953714714
7168f343.2020-01-28_00-00-00.2020-02-02_00-00-00,84000,0.270718602854479
7168f343.2020-01-28_00-00-00.2020-02-02_00-00-00,84600,0.352346589399111
7168f343.2020-01-28_00-00-00.2020-02-02_00-00-00,85200,0.420164970751437
7168f343.2020-01-28_00-00-00.2020-02-02_00-00-00,85800,0.474348571084598
7168f343.2020-01-28_00-00-00.2020-02-02_00-00-00,86400,0.489432300470659
7168f343.2020-01-28_00-00-00.2020-02-02_00-00-00,87000,0.448440952630637
7168f343.2020-01-28_00-00-00.2020-02-02_00-00-00,87600,0.38071013390919
7168f343.2020-01-28_00-00-00.2020-02-02_00-00-00,88200,0.306014982579412
7168f343.2020-01-28_00-00-00.2020-02-02_00-00-00,88800,0.231718424051829
7168f343.2020-01-28_00-00-00.2020-02-02_00-00-00,89400,0.162486690649301
7168f343.2020-01-28_00-00-00.2020-02-02_00-00-00,90000,0.10522325255033
7168f343.2020-01-28_00-00-00.2020-02-02_00-00-00,90600,0.0645834378806579
7168f343.2020-01-28_00-00-00.2020-02-02_00-00-00,91200,0.0316925291516767
7168f343.2020-01-28_00-00-00.2020-02-02_00-00-00,91800,-0.0041436063758217
7168f343.2020-01-28_00-00-00.2020-02-02_00-00-00,92400,-0.0338789997963314
7168f343.2020-01-28_00-00-00.2020-02-02_00-00-00,93000,-0.0540821871673327
7168f343.2020-01-28_00-00-00.2020-02-02_00-00-00,93600,-0.0690131910413986
7168f343.2020-01-28_00-00-00.2020-02-02_00-00-00,94200,-0.0769354762058042
7168f343.2020-01-28_00-00-00.2020-02-02_00-00-00,94800,-0.0776446800058261
7168f343.2020-01-28_00-00-00.2020-02-02_00-00-00,95400,-0.0721553836670987
7168f343.2020-01-28_00-00-00.2020-02-02_00-00-00,96000,-0.0683793908537632
7168f343.2020-01-28_00-00-00.2020-02-02_00-00-00,96600,-0.0707011385301555
7168f343.2020-01-28_00-00-00.2020-02-02_00-00-00,97200,-0.0735908213756674
7168f343.2020-01-28_00-00-00.2020-02-02_00-00-00,97800,-0.0755143971455692
7168f343.2020-01-28_00-00-00.2020-02-02_00-00-00,98400,-0.0811792117705236
7168f343.2020-01-28_00-00-00.2020-02-02_00-00-00,99000,-0.0787297711303583
7168f343.2020-01-28_00-00-00.2020-02-02_00-00-00,99600,-0.069239447637983
7168f343.2020-01-28_00-00-00.2020-02-02_00-00-00,100200,-0.0608129896516708
7168f343.2020-01-28_00-00-00.2020-02-02_00-00-00,100800,-0.0519106518436071
7168f343.2020-01-28_00-00-00.2020-02-02_00-00-00,101400,-0.0382794466658749
7168f343.2020-01-28_00-00-00.2020-02-02_00-00-00,102000,-0.0269790770305101
7168f343.2020-01-28_00-00-00.2020-02-02_00-00-00,102600,-0.0234649054893359
7168f343.2020-01-28_00-00-00.2020-02-02_00-00-00,103200,-0.0244955856284343
7168f343.2020-01-28_00-00-00.2020-02-02_00-00-00,103800,-0.031062027149083
7168f343.2020-01-28_00-00-00.2020-02-02_00-00-00,104400,-0.0390658406154386
7168f343.2020-01-28_00-00-00.2020-02-02_00-00-00,105000,-0.0547818448416191
7168f343.2020-01-28_00-00-00.2020-02-02_00-00-00,105600,-0.0629965681041396
7168f343.2020-01-28_00-00-00.2020-02-02_00-00-00,106200,-0.0636224072591733
7168f343.2020-01-28_00-00-00.2020-02-02_00-00-00,106800,-0.0587356465569296
7168f343.2020-01-28_00-00-00.2020-02-02_00-00-00,107400,-0.0568012828077792
7168f343.2020-01-28_00-00-00.2020-02-02_00-00-00,108000,-0.0492775784242251
7168f343.2020-01-28_00-00-00.2020-02-02_00-00-00,108600,-0.0505870866023617
7168f343.2020-01-28_00-00-00.2020-02-02_00-00-00,109200,-0.0504205004946807
7168f343.2020-01-28_00-00-00.2020-02-02_00-00-00,109800,-0.0500252337402994
7168f343.2020-01-28_00-00-00.2020-02-02_00-00-00,110400,-0.0482257846140077
7168f343.2020-01-28_00-00-00.2020-02-02_00-00-00,111000,-0.0426117211244532
7168f343.2020-01-28_00-00-00.2020-02-02_00-00-00,111600,-0.0359191054649738
7168f343.2020-01-28_00-00-00.2020-02-02_00-00-00,112200,-0.0369331230881076
7168f343.2020-01-28_00-00-00.2020-02-02_00-00-00,112800,-0.0489832947808236
7168f343.2020-01-28_00-00-00.2020-02-02_00-00-00,113400,-0.0607016033869882
7168f343.2020-01-28_00-00-00.2020-02-02_00-00-00,114000,-0.0720435697745303
7168f343.2020-01-28_00-00-00.2020-02-02_00-00-00,114600,-0.0818404363932235
7168f343.2020-01-28_00-00-00.2020-02-02_00-00-00,115200,-0.0754808465720264
7168f343.2020-02-04_00-00-00.2020-02-09_00-00-00,57000,0.0646550574786724
7168f343.2020-02-04_00-00-00.2020-02-09_00-00-00,57600,0.032312193683775
7168f343.2020-02-04_00-00-00.2020-02-09_00-00-00,58200,0.00723584392960728
7168f343.2020-02-04_00-00-00.2020-02-09_00-00-00,58800,-0.0108881761458654
7168f343.2020-02-04_00-00-00.2020-02-09_00-00-00,59400,-0.0018059004363071
7168f343.2020-02-04_00-00-00.2020-02-09_00-00-00,60000,0.00586030885034745
7168f343.2020-02-04_00-00-00.2020-02-09_00-00-00,60600,0.0162034891589086
7168f343.2020-02-04_00-00-00.2020-02-09_00-00-00,61200,0.0182175325316684
7168f343.2020-02-04_00-00-00.2020-02-09_00-00-00,61800,0.0265429040031341
7168f343.2020-02-04_00-00-00.2020-02-09_00-00-00,62400,0.0117057824133703
7168f343.2020-02-04_00-00-00.2020-02-09_00-00-00,63000,0.00945580107634416
7168f343.2020-02-04_00-00-00.2020-02-09_00-00-00,63600,0.000142214486239521
7168f343.2020-02-04_00-00-00.2020-02-09_00-00-00,64200,-0.00794652553914595
7168f343.2020-02-04_00-00-00.2020-02-09_00-00-00,64800,-0.0416519090591781
7168f343.2020-02-04_00-00-00.2020-02-09_00-00-00,65400,-0.0675682468568673
7168f343.2020-02-04_00-00-00.2020-02-09_00-00-00,66000,-0.106041136763514
7168f343.2020-02-04_00-00-00.2020-02-09_00-00-00,66600,-0.135816157516135
7168f343.2020-02-04_00-00-00.2020-02-09_00-00-00,67200,-0.170651935373755
7168f343.2020-02-04_00-00-00.2020-02-09_00-00-00,67800,-0.192568661973587
7168f343.2020-02-04_00-00-00.2020-02-09_00-00-00,68400,-0.211059848965709
7168f343.2020-02-04_00-00-00.2020-02-09_00-00-00,69000,-0.220825708022397
7168f343.2020-02-04_00-00-00.2020-02-09_00-00-00,69600,-0.225959241011155
7168f343.2020-02-04_00-00-00.2020-02-09_00-00-00,70200,-0.221977986595779
7168f343.2020-02-04_00-00-00.2020-02-09_00-00-00,70800,-0.207757193290429
7168f343.2020-02-04_00-00-00.2020-02-09_00-00-00,71400,-0.185948931691364
7168f343.2020-02-04_00-00-00.2020-02-09_00-00-00,72000,-0.163217399908606
7168f343.2020-02-04_00-00-00.2020-02-09_00-00-00,72600,-0.147055485610903
7168f343.2020-02-04_00-00-00.2020-02-09_00-00-00,73200,-0.13741556957617
7168f343.2020-02-04_00-00-00.2020-02-09_00-00-00,73800,-0.13445527401712
7168f343.2020-02-04_00-00-00.2020-02-09_00-00-00,74400,-0.141755090862777
7168f343.2020-02-04_00-00-00.2020-02-09_00-00-00,75000,-0.145282660415867
7168f343.2020-02-04_00-00-00.2020-02-09_00-00-00,75600,-0.151087719609799
7168f343.2020-02-04_00-00-00.2020-02-09_00-00-00,76200,-0.149980686503019
7168f343.2020-02-04_00-00-00.2020-02-09_00-00-00,76800,-0.142576749055589
7168f343.2020-02-04_00-00-00.2020-02-09_00-00-00,77400,-0.132715977472207
7168f343.2020-02-04_00-00-00.2020-02-09_00-00-00,78000,-0.117697831682906
7168f343.2020-02-04_00-00-00.2020-02-09_00-00-00,78600,-0.0947847851847419
7168f343.2020-02-04_00-00-00.2020-02-09_00-00-00,79200,-0.0636926768347562
7168f343.2020-02-04_00-00-00.2020-02-09_00-00-00,79800,-0.0302139425632568
7168f343.2020-02-04_00-00-00.2020-02-09_00-00-00,80400,0.0072246404049803
7168f343.2020-02-04_00-00-00.2020-02-09_00-00-00,81000,0.0390039756394134
7168f343.2020-02-04_00-00-00.2020-02-09_00-00-00,81600,0.0638010437559507
7168f343.2020-02-04_00-00-00.2020-02-09_00-00-00,82200,0.0894142938930102
7168f343.2020-02-04_00-00-00.2020-02-09_00-00-00,82800,0.118273965446255
7168f343.2020-02-04_00-00-00.2020-02-09_00-00-00,83400,0.157128169176174
7168f343.2020-02-04_00-00-00.2020-02-09_00-00-00,84000,0.208683138311042
7168f343.2020-02-04_00-00-00.2020-02-09_00-00-00,84600,0.278345380023533
7168f343.2020-02-04_00-00-00.2020-02-09_00-00-00,85200,0.34893462623818
7168f343.2020-02-04_00-00-00.2020-02-09_00-00-00,85800,0.396854930571145
7168f343.2020-02-04_00-00-00.2020-02-09_00-00-00,86400,0.415048160489209
7168f343.2020-02-04_00-00-00.2020-02-09_00-00-00,87000,0.402401967787281
7168f343.2020-02-04_00-00-00.2020-02-09_00-00-00,87600,0.363011740482282
7168f343.2020-02-04_00-00-00.2020-02-09_00-00-00,88200,0.296983537013965
7168f343.2020-02-04_00-00-00.2020-02-09_00-00-00,88800,0.242029994307195
7168f343.2020-02-04_00-00-00.2020-02-09_00-00-00,89400,0.196157999802046
7168f343.2020-02-04_00-00-00.2020-02-09_00-00-00,90000,0.16759982186292
7168f343.2020-02-04_00-00-00.2020-02-09_00-00-00,90600,0.14450434424397
7168f343.2020-02-04_00-00-00.2020-02-09_00-00-00,91200,0.124185946797174
7168f343.2020-02-04_00-00-00.2020-02-09_00-00-00,91800,0.10670171987626
7168f343.2020-02-04_00-00-00.2020-02-09_00-00-00,92400,0.0939432828014976
7168f343.2020-02-04_00-00-00.2020-02-09_00-00-00,93000,0.0765320786354124
7168f343.2020-02-04_00-00-00.2020-02-09_00-00-00,93600,0.0564662065074226
7168f343.2020-02-04_00-00-00.2020-02-09_00-00-00,94200,0.0354425968186103
7168f343.2020-02-04_00-00-00.2020-02-09_00-00-00,94800,0.00573728536908918
7168f343.2020-02-04_00-00-00.2020-02-09_00-00-00,95400,-0.0300797233710303
7168f343.2020-02-04_00-00-00.2020-02-09_00-00-00,96000,-0.0634571079940181
7168f343.2020-02-04_00-00-00.2020-02-09_00-00-00,96600,-0.0911131678811592
7168f343.2020-02-04_00-00-00.2020-02-09_00-00-00,97200,-0.109894708643439
7168f343.2020-02-04_00-00-00.2020-02-09_00-00-00,97800,-0.119260622943521
7168f343.2020-02-04_00-00-00.2020-02-09_00-00-00,98400,-0.130022647600417
7168f343.2020-02-04_00-00-00.2020-02-09_00-00-00,99000,-0.143246512967021
7168f343.2020-02-04_00-00-00.2020-02-09_00-00-00,99600,-0.157065801234644
7168f343.2020-02-04_00-00-00.2020-02-09_00-00-00,100200,-0.17092217614496
7168f343.2020-02-04_00-00-00.2020-02-09_00-00-00,100800,-0.179329647351054
7168f343.2020-02-04_00-00-00.2020-02-09_00-00-00,101400,-0.176944187185421
7168f343.2020-02-04_00-00-00.2020-02-09_00-00-00,102000,-0.168475440831517
7168f343.2020-02-04_00-00-00.2020-02-09_00-00-00,102600,-0.154626164366974
7168f343.2020-02-04_00-00-00.2020-02-09_00-00-00,103200,-0.143882192540732
7168f343.2020-02-04_00-00-00.2020-02-09_00-00-00,103800,-0.133702767211143
7168f343.2020-02-04_00-00-00.2020-02-09_00-00-00,104400,-0.122553819816646
7168f343.2020-02-04_00-00-00.2020-02-09_00-00-00,105000,-0.110989649341864
7168f343.2020-02-04_00-00-00.2020-02-09_00-00-00,105600,-0.100536834458283
7168f343.2020-02-04_00-00-00.2020-02-09_00-00-00,106200,-0.0868638040023781
7168f343.2020-02-04_00-00-00.2020-02-09_00-00-00,106800,-0.0701366676588611
7168f343.2020-02-04_00-00-00.2020-02-09_00-00-00,107400,-0.0607774844930355
7168f343.2020-02-04_00-00-00.2020-02-09_00-00-00,108000,-0.0500313210124257
7168f343.2020-02-04_00-00-00.2020-02-09_00-00-00,108600,-0.0429022962085594
7168f343.2020-02-04_00-00-00.2020-02-09_00-00-00,109200,-0.0383616989970497
7168f343.2020-02-04_00-00-00.2020-02-09_00-00-00,109800,-0.0375594671728634
7168f343.2020-02-04_00-00-00.2020-02-09_00-00-00,110400,-0.0351723666638169
7168f343.2020-02-04_00-00-00.2020-02-09_00-00-00,111000,-0.0410398445929261
7168f343.2020-02-04_00-00-00.2020-02-09_00-00-00,111600,-0.0511390662008576
7168f343.2020-02-04_00-00-00.2020-02-09_00-00-00,112200,-0.0622984028904834
7168f343.2020-02-04_00-00-00.2020-02-09_00-00-00,112800,-0.0711835754072781
7168f343.2020-02-04_00-00-00.2020-02-09_00-00-00,113400,-0.0810707643180205
7168f343.2020-02-04_00-00-00.2020-02-09_00-00-00,114000,-0.073734124692959
7168f343.2020-02-04_00-00-00.2020-02-09_00-00-00,114600,-0.0546102011781956
7168f343.2020-02-04_00-00-00.2020-02-09_00-00-00,115200,-0.0260604267767082
7168f343.2020-02-10_00-00-00.2020-02-16_00-00-00,57000,-0.0950765548455822
7168f343.2020-02-10_00-00-00.2020-02-16_00-00-00,57600,-0.103402312098201
7168f343.2020-02-10_00-00-00.2020-02-16_00-00-00,58200,-0.109914418374217
7168f343.2020-02-10_00-00-00.2020-02-16_00-00-00,58800,-0.116442069673256
7168f343.2020-02-10_00-00-00.2020-02-16_00-00-00,59400,-0.116080178859939
7168f343.2020-02-10_00-00-00.2020-02-16_00-00-00,60000,-0.112260363944942
7168f343.2020-02-10_00-00-00.2020-02-16_00-00-00,60600,-0.111986993728898
7168f343.2020-02-10_00-00-00.2020-02-16_00-00-00,61200,-0.109979147614426
7168f343.2020-02-10_00-00-00.2020-02-16_00-00-00,61800,-0.104244579692861
7168f343.2020-02-10_00-00-00.2020-02-16_00-00-00,62400,-0.0929024477137229
7168f343.2020-02-10_00-00-00.2020-02-16_00-00-00,63000,-0.084621982332994
7168f343.2020-02-10_00-00-00.2020-02-16_00-00-00,63600,-0.0761689556943797
7168f343.2020-02-10_00-00-00.2020-02-16_00-00-00,64200,-0.0700500153946503
7168f343.2020-02-10_00-00-00.2020-02-16_00-00-00,64800,-0.0674159585398955
7168f343.2020-02-10_00-00-00.2020-02-16_00-00-00,65400,-0.0748475534278668
7168f343.2020-02-10_00-00-00.2020-02-16_00-00-00,66000,-0.0825877457729667
7168f343.2020-02-10_00-00-00.2020-02-16_00-00-00,66600,-0.0917244029897401
7168f343.2020-02-10_00-00-00.2020-02-16_00-00-00,67200,-0.100399928794449
7168f343.2020-02-10_00-00-00.2020-02-16_00-00-00,67800,-0.10698249590952
7168f343.2020-02-10_00-00-00.2020-02-16_00-00-00,68400,-0.108142028181506
7168f343.2020-02-10_00-00-00.2020-02-16_00-00-00,69000,-0.109211082026849
7168f343.2020-02-10_00-00-00.2020-02-16_00-00-00,69600,-0.107002103041879
7168f343.2020-02-10_00-00-00.2020-02-16_00-00-00,70200,-0.107989247146212
7168f343.2020-02-10_00-00-00.2020-02-16_00-00-00,70800,-0.109445748709616
7168f343.2020-02-10_00-00-00.2020-02-16_00-00-00,71400,-0.115447497532746
7168f343.2020-02-10_00-00-00.2020-02-16_00-00-00,72000,-0.120669761268033
7168f343.2020-02-10_00-00-00.2020-02-16_00-00-00,72600,-0.131746957231001
7168f343.2020-02-10_00-00-00.2020-02-16_00-00-00,73200,-0.134840622162988
7168f343.2020-02-10_00-00-00.2020-02-16_00-00-00,73800,-0.135504599740873
7168f343.2020-02-10_00-00-00.2020-02-16_00-00-00,74400,-0.135418127098133
7168f343.2020-02-10_00-00-00.2020-02-16_00-00-00,75000,-0.133705185450145
7168f343.2020-02-10_00-00-00.2020-02-16_00-00-00,75600,-0.124780432601747
7168f343.2020-02-10_00-00-00.2020-02-16_00-00-00,76200,-0.124194314684464
7168f343.2020-02-10_00-00-00.2020-02-16_00-00-00,76800,-0.124841953797156
7168f343.2020-02-10_00-00-00.2020-02-16_00-00-00,77400,-0.119590405118656
7168f343.2020-02-10_00-00-00.2020-02-16_00-00-00,78000,-0.112219632691436
7168f343.2020-02-10_00-00-00.2020-02-16_00-00-00,78600,-0.102708015078492
7168f343.2020-02-10_00-00-00.2020-02-16_00-00-00,79200,-0.0847436725691862
7168f343.2020-02-10_00-00-00.2020-02-16_00-00-00,79800,-0.0667868685117437
7168f343.2020-02-10_00-00-00.2020-02-16_00-00-00,80400,-0.0458513435087066
7168f343.2020-02-10_00-00-00.2020-02-16_00-00-00,81000,-0.0223088467774801
7168f343.2020-02-10_00-00-00.2020-02-16_00-00-00,81600,-0.000287936680009752
7168f343.2020-02-10_00-00-00.2020-02-16_00-00-00,82200,0.0262229706048043
7168f343.2020-02-10_00-00-00.2020-02-16_00-00-00,82800,0.0682780206709864
7168f343.2020-02-10_00-00-00.2020-02-16_00-00-00,83400,0.114851345153797
7168f343.2020-02-10_00-00-00.2020-02-16_00-00-00,84000,0.169421152834834
7168f343.2020-02-10_00-00-00.2020-02-16_00-00-00,84600,0.227107025179866
7168f343.2020-02-10_00-00-00.2020-02-16_00-00-00,85200,0.286601934629319
7168f343.2020-02-10_00-00-00.2020-02-16_00-00-00,85800,0.329647024469869
7168f343.2020-02-10_00-00-00.2020-02-16_00-00-00,86400,0.344928739622134
7168f343.2020-02-10_00-00-00.2020-02-16_00-00-00,87000,0.334107089736887
7168f343.2020-02-10_00-00-00.2020-02-16_00-00-00,87600,0.312120571274794
7168f343.2020-02-10_00-00-00.2020-02-16_00-00-00,88200,0.285361845132332
7168f343.2020-02-10_00-00-00.2020-02-16_00-00-00,88800,0.250169721086701
7168f343.2020-02-10_00-00-00.2020-02-16_00-00-00,89400,0.220387816911218
7168f343.2020-02-10_00-00-00.2020-02-16_00-00-00,90000,0.201410519881302
7168f343.2020-02-10_00-00-00.2020-02-16_00-00-00,90600,0.181509723734381
7168f343.2020-02-10_00-00-00.2020-02-16_00-00-00,91200,0.154826379005631
7168f343.2020-02-10_00-00-00.2020-02-16_00-00-00,91800,0.127154244293415
7168f343.2020-02-10_00-00-00.2020-02-16_00-00-00,92400,0.0978109801919287
7168f343.2020-02-10_00-00-00.2020-02-16_00-00-00,93000,0.0745603392523608
7168f343.2020-02-10_00-00-00.2020-02-16_00-00-00,93600,0.058243825324723
7168f343.2020-02-10_00-00-00.2020-02-16_00-00-00,94200,0.0376600049321682
7168f343.2020-02-10_00-00-00.2020-02-16_00-00-00,94800,0.0216084226033389
7168f343.2020-02-10_00-00-00.2020-02-16_00-00-00,95400,0.0133808301513045
7168f343.2020-02-10_00-00-00.2020-02-16_00-00-00,96000,0.00737981771796052
7168f343.2020-02-10_00-00-00.2020-02-16_00-00-00,96600,0.00213469720078722
7168f343.2020-02-10_00-00-00.2020-02-16_00-00-00,97200,0.00615696974500963
7168f343.2020-02-10_00-00-00.2020-02-16_00-00-00,97800,0.0131783675460538
7168f343.2020-02-10_00-00-00.2020-02-16_00-00-00,98400,0.0223957507610025
7168f343.2020-02-10_00-00-00.2020-02-16_00-00-00,99000,0.0217785076075075
7168f343.2020-02-10_00-00-00.2020-02-16_00-00-00,99600,0.0158463185248763
7168f343.2020-02-10_00-00-00.2020-02-16_00-00-00,100200,0.0117573837659108
7168f343.2020-02-10_00-00-00.2020-02-16_00-00-00,100800,0.0139639471657593
7168f343.2020-02-10_00-00-00.2020-02-16_00-00-00,101400,0.012877301208064
7168f343.2020-02-10_00-00-00.2020-02-16_00-00-00,102000,0.0244793176113893
7168f343.2020-02-10_00-00-00.2020-02-16_00-00-00,102600,0.0377469034619724
7168f343.2020-02-10_00-00-00.2020-02-16_00-00-00,103200,0.0493631961639026
7168f343.2020-02-10_00-00-00.2020-02-16_00-00-00,103800,0.0494046441187857
7168f343.2020-02-10_00-00-00.2020-02-16_00-00-00,104400,0.0472800925172853
7168f343.2020-02-10_00-00-00.2020-02-16_00-00-00,105000,0.0361773088250833
7168f343.2020-02-10_00-00-00.2020-02-16_00-00-00,105600,0.0229917997320535
7168f343.2020-02-10_00-00-00.2020-02-16_00-00-00,106200,0.00929848709675228
7168f343.2020-02-10_00-00-00.2020-02-16_00-00-00,106800,-0.00746844875493624
7168f343.2020-02-10_00-00-00.2020-02-16_00-00-00,107400,-0.028606010927334
7168f343.2020-02-10_00-00-00.2020-02-16_00-00-00,108000,-0.0517166136715107
7168f343.2020-02-10_00-00-00.2020-02-16_00-00-00,108600,-0.0730207004369528
7168f343.2020-02-10_00-00-00.2020-02-16_00-00-00,109200,-0.0908211901449371
7168f343.2020-02-10_00-00-00.2020-02-16_00-00-00,109800,-0.104731821188005
7168f343.2020-02-10_00-00-00.2020-02-16_00-00-00,110400,-0.108580908716076
7168f343.2020-02-10_00-00-00.2020-02-16_00-00-00,111000,-0.105361346236862
7168f343.2020-02-10_00-00-00.2020-02-16_00-00-00,111600,-0.101059801164796
7168f343.2020-02-10_00-00-00.2020-02-16_00-00-00,112200,-0.105519029201376
7168f343.2020-02-10_00-00-00.2020-02-16_00-00-00,112800,-0.112599339294408
7168f343.2020-02-10_00-00-00.2020-02-16_00-00-00,113400,-0.119545343073542
7168f343.2020-02-10_00-00-00.2020-02-16_00-00-00,114000,-0.124176395614819
7168f343.2020-02-10_00-00-00.2020-02-16_00-00-00,114600,-0.126783923013029
7168f343.2020-02-10_00-00-00.2020-02-16_00-00-00,115200,-0.123430796586975
b5b9596f.2020-01-28_00-00-00.2020-02-02_00-00-00,57000,-0.0555743717528904
b5b9596f.2020-01-28_00-00-00.2020-02-02_00-00-00,57600,-0.0698356647923932
b5b9596f.2020-01-28_00-00-00.2020-02-02_00-00-00,58200,-0.0815182542159633
b5b9596f.2020-01-28_00-00-00.2020-02-02_00-00-00,58800,-0.100449671558809
b5b9596f.2020-01-28_00-00-00.2020-02-02_00-00-00,59400,-0.122822319060458
b5b9596f.2020-01-28_00-00-00.2020-02-02_00-00-00,60000,-0.136177429969059
b5b9596f.2020-01-28_00-00-00.2020-02-02_00-00-00,60600,-0.139734671384134
b5b9596f.2020-01-28_00-00-00.2020-02-02_00-00-00,61200,-0.149247776556962
b5b9596f.2020-01-28_00-00-00.2020-02-02_00-00-00,61800,-0.152128766984473
b5b9596f.2020-01-28_00-00-00.2020-02-02_00-00-00,62400,-0.147539326861199
b5b9596f.2020-01-28_00-00-00.2020-02-02_00-00-00,63000,-0.146274874451527
b5b9596f.2020-01-28_00-00-00.2020-02-02_00-00-00,63600,-0.156955926655218
b5b9596f.2020-01-28_00-00-00.2020-02-02_00-00-00,64200,-0.157885348949051
b5b9596f.2020-01-28_00-00-00.2020-02-02_00-00-00,64800,-0.157013636171322
b5b9596f.2020-01-28_00-00-00.2020-02-02_00-00-00,65400,-0.151253264263568
b5b9596f.2020-01-28_00-00-00.2020-02-02_00-00-00,66000,-0.140011229250773
b5b9596f.2020-01-28_00-00-00.2020-02-02_00-00-00,66600,-0.119537502620691
b5b9596f.2020-01-28_00-00-00.2020-02-02_00-00-00,67200,-0.099456665975219
b5b9596f.2020-01-28_00-00-00.2020-02-02_00-00-00,67800,-0.0862846736445386
b5b9596f.2020-01-28_00-00-00.2020-02-02_00-00-00,68400,-0.073414778658276
b5b9596f.2020-01-28_00-00-00.2020-02-02_00-00-00,69000,-0.0643089021771903
b5b9596f.2020-01-28_00-00-00.2020-02-02_00-00-00,69600,-0.0665756079787895
b5b9596f.2020-01-28_00-00-00.2020-02-02_00-00-00,70200,-0.070841630377085
b5b9596f.2020-01-28_00-00-00.2020-02-02_00-00-00,70800,-0.0745553623740222
b5b9596f.2020-01-28_00-00-00.2020-02-02_00-00-00,71400,-0.0749250236930391
b5b9596f.2020-01-28_00-00-00.2020-02-02_00-00-00,72000,-0.080548755670456
b5b9596f.2020-01-28_00-00-00.2020-02-02_00-00-00,72600,-0.0796130296113386
b5b9596f.2020-01-28_00-00-00.2020-02-02_00-00-00,73200,-0.0698751985874037
b5b9596f.2020-01-28_00-00-00.2020-02-02_00-00-00,73800,-0.0660223213608704
b5b9596f.2020-01-28_00-00-00.2020-02-02_00-00-00,74400,-0.06318177284504
b5b9596f.2020-01-28_00-00-00.2020-02-02_00-00-00,75000,-0.0532227079944747
b5b9596f.2020-01-28_00-00-00.2020-02-02_00-00-00,75600,-0.0474734876687063
b5b9596f.2020-01-28_00-00-00.2020-02-02_00-00-00,76200,-0.0496133873417267
b5b9596f.2020-01-28_00-00-00.2020-02-02_00-00-00,76800,-0.0491335678574551
b5b9596f.2020-01-28_00-00-00.2020-02-02_00-00-00,77400,-0.0557243186021835
b5b9596f.2020-01-28_00-00-00.2020-02-02_00-00-00,78000,-0.064084886681747
b5b9596f.2020-01-28_00-00-00.2020-02-02_00-00-00,78600,-0.0688688979254161
b5b9596f.2020-01-28_00-00-00.2020-02-02_00-00-00,79200,-0.0607688106673238
b5b9596f.2020-01-28_00-00-00.2020-02-02_00-00-00,79800,-0.0497975373297184
b5b9596f.2020-01-28_00-00-00.2020-02-02_00-00-00,80400,-0.0288457933049067
b5b9596f.2020-01-28_00-00-00.2020-02-02_00-00-00,81000,0.00466720905228096
b5b9596f.2020-01-28_00-00-00.2020-02-02_00-00-00,81600,0.0478935464002971
b5b9596f.2020-01-28_00-00-00.2020-02-02_00-00-00,82200,0.091871824629897
b5b9596f.2020-01-28_00-00-00.2020-02-02_00-00-00,82800,0.143902296364197
b5b9596f.2020-01-28_00-00-00.2020-02-02_00-00-00,83400,0.20612972798847
b5b9596f.2020-01-28_00-00-00.2020-02-02_00-00-00,84000,0.275639674273034
b5b9596f.2020-01-28_00-00-00.2020-02-02_00-00-00,84600,0.337360296574252
b5b9596f.2020-01-28_00-00-00.2020-02-02_00-00-00,85200,0.387390073752805
b5b9596f.2020-01-28_00-00-00.2020-02-02_00-00-00,85800,0.422134962455096
b5b9596f.2020-01-28_00-00-00.2020-02-02_00-00-00,86400,0.428064821683773
b5b9596f.2020-01-28_00-00-00.2020-02-02_00-00-00,87000,0.399144285230867
b5b9596f.2020-01-28_00-00-00.2020-02-02_00-00-00,87600,0.348649897698612
b5b9596f.2020-01-28_00-00-00.2020-02-02_00-00-00,88200,0.284391203700916
b5b9596f.2020-01-28_00-00-00.2020-02-02_00-00-00,88800,0.217196106917993
b5b9596f.2020-01-28_00-00-00.2020-02-02_00-00-00,89400,0.146524395425995
b5b9596f.2020-01-28_00-00-00.2020-02-02_00-00-00,90000,0.0857298728188792
b5b9596f.2020-01-28_00-00-00.2020-02-02_00-00-00,90600,0.0384647942397264
b5b9596f.2020-01-28_00-00-00.2020-02-02_00-00-00,91200,0.00352049352599646
b5b9596f.2020-01-28_00-00-00.2020-02-02_00-00-00,91800,-0.0232279663655985
b5b9596f.2020-01-28_00-00-00.2020-02-02_00-00-00,92400,-0.0386459698433567
b5b9596f.2020-01-28_00-00-00.2020-02-02_00-00-00,93000,-0.0417826820130364
b5b9596f.2020-01-28_00-00-00.2020-02-02_00-00-00,93600,-0.0344125851736659
b5b9596f.2020-01-28_00-00-00.2020-02-02_00-00-00,94200,-0.0282633921256628
b5b9596f.2020-01-28_00-00-00.2020-02-02_00-00-00,94800,-0.0270514195281005
b5b9596f.2020-01-28_00-00-00.2020-02-02_00-00-00,95400,-0.0241767574722047
b5b9596f.2020-01-28_00-00-00.2020-02-02_00-00-00,96000,-0.027749457402447
b5b9596f.2020-01-28_00-00-00.2020-02-02_00-00-00,96600,-0.0450999919757142
b5b9596f.2020-01-28_00-00-00.2020-02-02_00-00-00,97200,-0.0621480094925519
b5b9596f.2020-01-28_00-00-00.2020-02-02_00-00-00,97800,-0.0746883668173562
b5b9596f.2020-01-28_00-00-00.2020-02-02_00-00-00,98400,-0.0926444221209514
b5b9596f.2020-01-28_00-00-00.2020-02-02_00-00-00,99000,-0.110692543382684
b5b9596f.2020-01-28_00-00-00.2020-02-02_00-00-00,99600,-0.115080366097333
b5b9596f.2020-01-28_00-00-00.2020-02-02_00-00-00,100200,-0.114600890116812
b5b9596f.2020-01-28_00-00-00.2020-02-02_00-00-00,100800,-0.114642570889746
b5b9596f.2020-01-28_00-00-00.2020-02-02_00-00-00,101400,-0.106290428598572
b5b9596f.2020-01-28_00-00-00.2020-02-02_00-00-00,102000,-0.0926629030812188
b5b9596f.2020-01-28_00-00-00.2020-02-02_00-00-00,102600,-0.0820653016521973
b5b9596f.2020-01-28_00-00-00.2020-02-02_00-00-00,103200,-0.0746065775766631
b5b9596f.2020-01-28_00-00-00.2020-02-02_00-00-00,103800,-0.0655989991055705
b5b9596f.2020-01-28_00-00-00.2020-02-02_00-00-00,104400,-0.0640326303858341
b5b9596f.2020-01-28_00-00-00.2020-02-02_00-00-00,105000,-0.0682369535777876
b5b9596f.2020-01-28_00-00-00.2020-02-02_00-00-00,105600,-0.0756465673791508
b5b9596f.2020-01-28_00-00-00.2020-02-02_00-00-00,106200,-0.0850161980551558
b5b9596f.2020-01-28_00-00-00.2020-02-02_00-00-00,106800,-0.0951147225685073
b5b9596f.2020-01-28_00-00-00.2020-02-02_00-00-00,107400,-0.100911206949828
b5b9596f.2020-01-28_00-00-00.2020-02-02_00-00-00,108000,-0.105007910412731
b5b9596f.2020-01-28_00-00-00.2020-02-02_00-00-00,108600,-0.0994548209992377
b5b9596f.2020-01-28_00-00-00.2020-02-02_00-00-00,109200,-0.0881653753110773
b5b9596f.2020-01-28_00-00-00.2020-02-02_00-00-00,109800,-0.0725734138679545
b5b9596f.2020-01-28_00-00-00.2020-02-02_00-00-00,110400,-0.0533051579389486
b5b9596f.2020-01-28_00-00-00.2020-02-02_00-00-00,111000,-0.0256171606641504
b5b9596f.2020-01-28_00-00-00.2020-02-02_00-00-00,111600,-0.00247514755355581
b5b9596f.2020-01-28_00-00-00.2020-02-02_00-00-00,112200,0.0205681095496573
b5b9596f.2020-01-28_00-00-00.2020-02-02_00-00-00,112800,0.039626275902777
b5b9596f.2020-01-28_00-00-00.2020-02-02_00-00-00,113400,0.050683565044467
b5b9596f.2020-01-28_00-00-00.2020-02-02_00-00-00,114000,0.0538257032913629
b5b9596f.2020-01-28_00-00-00.2020-02-02_00-00-00,114600,0.0561280852539781
b5b9596f.2020-01-28_00-00-00.2020-02-02_00-00-00,115200,0.0488535597333395
b5b9596f.2020-02-04_00-00-00.2020-02-09_00-00-00,57000,-0.0989623130078918
b5b9596f.2020-02-04_00-00-00.2020-02-09_00-00-00,57600,-0.0983162688163578
b5b9596f.2020-02-04_00-00-00.2020-02-09_00-00-00,58200,-0.0816040062057281
b5b9596f.2020-02-04_00-00-00.2020-02-09_00-00-00,58800,-0.0562683858401057
b5b9596f.2020-02-04_00-00-00.2020-02-09_00-00-00,59400,0.00342826635302178
b5b9596f.2020-02-04_00-00-00.2020-02-09_00-00-00,60000,0.0462502965138362
b5b9596f.2020-02-04_00-00-00.2020-02-09_00-00-00,60600,0.0721622870435784
b5b9596f.2020-02-04_00-00-00.2020-02-09_00-00-00,61200,0.0909019753965571
b5b9596f.2020-02-04_00-00-00.2020-02-09_00-00-00,61800,0.0961445306789854
b5b9596f.2020-02-04_00-00-00.2020-02-09_00-00-00,62400,0.0760131142265031
b5b9596f.2020-02-04_00-00-00.2020-02-09_00-00-00,63000,0.0424233082525514
b5b9596f.2020-02-04_00-00-00.2020-02-09_00-00-00,63600,0.0178787874106526
b5b9596f.2020-02-04_00-00-00.2020-02-09_00-00-00,64200,-0.0140752666201918
b5b9596f.2020-02-04_00-00-00.2020-02-09_00-00-00,64800,-0.0393672441810856
b5b9596f.2020-02-04_00-00-00.2020-02-09_00-00-00,65400,-0.046403794796648
b5b9596f.2020-02-04_00-00-00.2020-02-09_00-00-00,66000,-0.0592051457301836
b5b9596f.2020-02-04_00-00-00.2020-02-09_00-00-00,66600,-0.0577112556964884
b5b9596f.2020-02-04_00-00-00.2020-02-09_00-00-00,67200,-0.0314573392652695
b5b9596f.2020-02-04_00-00-00.2020-02-09_00-00-00,67800,-0.0173717013686528
b5b9596f.2020-02-04_00-00-00.2020-02-09_00-00-00,68400,-0.0157780554220511
b5b9596f.2020-02-04_00-00-00.2020-02-09_00-00-00,69000,0.00696701671797804
b5b9596f.2020-02-04_00-00-00.2020-02-09_00-00-00,69600,0.0258399614417569
b5b9596f.2020-02-04_00-00-00.2020-02-09_00-00-00,70200,0.0212709831432043
b5b9596f.2020-02-04_00-00-00.2020-02-09_00-00-00,70800,0.0166583449822321
b5b9596f.2020-02-04_00-00-00.2020-02-09_00-00-00,71400,0.00419402687812823
b5b9596f.2020-02-04_00-00-00.2020-02-09_00-00-00,72000,-0.028393560730362
b5b9596f.2020-02-04_00-00-00.2020-02-09_00-00-00,72600,-0.0468529851071033
b5b9596f.2020-02-04_00-00-00.2020-02-09_00-00-00,73200,-0.0453754677273861
b5b9596f.2020-02-04_00-00-00.2020-02-09_00-00-00,73800,-0.0471762958302133
b5b9596f.2020-02-04_00-00-00.2020-02-09_00-00-00,74400,-0.0287902174719922
b5b9596f.2020-02-04_00-00-00.2020-02-09_00-00-00,75000,0.00193284779450039
b5b9596f.2020-02-04_00-00-00.2020-02-09_00-00-00,75600,0.0248747100395766
b5b9596f.2020-02-04_00-00-00.2020-02-09_00-00-00,76200,0.0423476278773607
b5b9596f.2020-02-04_00-00-00.2020-02-09_00-00-00,76800,0.0516577796142671
b5b9596f.2020-02-04_00-00-00.2020-02-09_00-00-00,77400,0.0510747199371271
b5b9596f.2020-02-04_00-00-00.2020-02-09_00-00-00,78000,0.0499044869883719
b5b9596f.2020-02-04_00-00-00.2020-02-09_00-00-00,78600,0.0281520550136226
b5b9596f.2020-02-04_00-00-00.2020-02-09_00-00-00,79200,-0.0103974691083305
b5b9596f.2020-02-04_00-00-00.2020-02-09_00-00-00,79800,-0.0338210655456516
b5b9596f.2020-02-04_00-00-00.2020-02-09_00-00-00,80400,-0.0341826720705302
b5b9596f.2020-02-04_00-00-00.2020-02-09_00-00-00,81000,-0.0411198633597859
b5b9596f.2020-02-04_00-00-00.2020-02-09_00-00-00,81600,-0.0261737095764909
b5b9596f.2020-02-04_00-00-00.2020-02-09_00-00-00,82200,0.0146192466021043
b5b9596f.2020-02-04_00-00-00.2020-02-09_00-00-00,82800,0.0631356622615431
b5b9596f.2020-02-04_00-00-00.2020-02-09_00-00-00,83400,0.108759551184239
b5b9596f.2020-02-04_00-00-00.2020-02-09_00-00-00,84000,0.145238244957133
b5b9596f.2020-02-04_00-00-00.2020-02-09_00-00-00,84600,0.16200740914656
b5b9596f.2020-02-04_00-00-00.2020-02-09_00-00-00,85200,0.15649888934093
b5b9596f.2020-02-04_00-00-00.2020-02-09_00-00-00,85800,0.145775125250729
b5b9596f.2020-02-04_00-00-00.2020-02-09_00-00-00,86400,0.0850829301602193
b5b9596f.2020-02-04_00-00-00.2020-02-09_00-00-00,87000,0.0308896556126325
b5b9596f.2020-02-04_00-00-00.2020-02-09_00-00-00,87600,-0.011213687282936
b5b9596f.2020-02-04_00-00-00.2020-02-09_00-00-00,88200,-0.0439855751006047
b5b9596f.2020-02-04_00-00-00.2020-02-09_00-00-00,88800,-0.0745131882882457
b5b9596f.2020-02-04_00-00-00.2020-02-09_00-00-00,89400,-0.0781205393850901
b5b9596f.2020-02-04_00-00-00.2020-02-09_00-00-00,90000,-0.062528541592797
b5b9596f.2020-02-04_00-00-00.2020-02-09_00-00-00,90600,-0.0401581524435065
b5b9596f.2020-02-04_00-00-00.2020-02-09_00-00-00,91200,-0.0109424228529162
b5b9596f.2020-02-04_00-00-00.2020-02-09_00-00-00,91800,0.0056755378809506
b5b9596f.2020-02-04_00-00-00.2020-02-09_00-00-00,92400,0.0249357895064956
b5b9596f.2020-02-04_00-00-00.2020-02-09_00-00-00,93000,0.0487509773406876
b5b9596f.2020-02-04_00-00-00.2020-02-09_00-00-00,93600,0.0642466509924686
b5b9596f.2020-02-04_00-00-00.2020-02-09_00-00-00,94200,0.0389360140614594
b5b9596f.2020-02-04_00-00-00.2020-02-09_00-00-00,94800,0.0324761240896887
b5b9596f.2020-02-04_00-00-00.2020-02-09_00-00-00,95400,0.0222229433392207
b5b9596f.2020-02-04_00-00-00.2020-02-09_00-00-00,96000,-0.0108312983011641
b5b9596f.2020-02-04_00-00-00.2020-02-09_00-00-00,96600,-0.0553576210470073
b5b9596f.2020-02-04_00-00-00.2020-02-09_00-00-00,97200,-0.0610663310652588
b5b9596f.2020-02-04_00-00-00.2020-02-09_00-00-00,97800,-0.0440279842067516
b5b9596f.2020-02-04_00-00-00.2020-02-09_00-00-00,98400,-0.0457567652979687
b5b9596f.2020-02-04_00-00-00.2020-02-09_00-00-00,99000,-0.0259257793543644
b5b9596f.2020-02-04_00-00-00.2020-02-09_00-00-00,99600,-0.0206231878198698
b5b9596f.2020-02-04_00-00-00.2020-02-09_00-00-00,100200,-0.0143531606267246
b5b9596f.2020-02-04_00-00-00.2020-02-09_00-00-00,100800,-0.0316130237407483
b5b9596f.2020-02-04_00-00-00.2020-02-09_00-00-00,101400,-0.0444071863028103
b5b9596f.2020-02-04_00-00-00.2020-02-09_00-00-00,102000,-0.0356585926030581
b5b9596f.2020-02-04_00-00-00.2020-02-09_00-00-00,102600,0.00295758242665738
b5b9596f.2020-02-04_00-00-00.2020-02-09_00-00-00,103200,0.0330746748268847
b5b9596f.2020-02-04_00-00-00.2020-02-09_00-00-00,103800,0.0550616688172118
b5b9596f.2020-02-04_00-00-00.2020-02-09_00-00-00,104400,0.0855975018774663
b5b9596f.2020-02-04_00-00-00.2020-02-09_00-00-00,105000,0.0995058645419305
b5b9596f.2020-02-04_00-00-00.2020-02-09_00-00-00,105600,0.0718146258990968
b5b9596f.2020-02-04_00-00-00.2020-02-09_00-00-00,106200,0.0383557616408464
b5b9596f.2020-02-04_00-00-00.2020-02-09_00-00-00,106800,0.0294646064835271
b5b9596f.2020-02-04_00-00-00.2020-02-09_00-00-00,107400,0.00540280993236989
b5b9596f.2020-02-04_00-00-00.2020-02-09_00-00-00,108000,-0.024527714009383
b5b9596f.2020-02-04_00-00-00.2020-02-09_00-00-00,108600,-0.0394196965703077
b5b9596f.2020-02-04_00-00-00.2020-02-09_00-00-00,109200,-0.0427598917291826
b5b9596f.2020-02-04_00-00-00.2020-02-09_00-00-00,109800,-0.0423353010702032
b5b9596f.2020-02-04_00-00-00.2020-02-09_00-00-00,110400,-0.0430886932957142
b5b9596f.2020-02-04_00-00-00.2020-02-09_00-00-00,111000,-0.0218846488055442
b5b9596f.2020-02-04_00-00-00.2020-02-09_00-00-00,111600,0.010417762455236
b5b9596f.2020-02-04_00-00-00.2020-02-09_00-00-00,112200,0.0551990826015535
b5b9596f.2020-02-04_00-00-00.2020-02-09_00-00-00,112800,0.0792952326565199
b5b9596f.2020-02-04_00-00-00.2020-02-09_00-00-00,113400,0.0922410209013719
b5b9596f.2020-02-04_00-00-00.2020-02-09_00-00-00,114000,0.0992659808330834
b5b9596f.2020-02-04_00-00-00.2020-02-09_00-00-00,114600,0.0739351120053989
b5b9596f.2020-02-04_00-00-00.2020-02-09_00-00-00,115200,0.0317958383813996
b5b9596f.2020-02-10_00-00-00.2020-02-16_00-00-00,57000,0.066348447487525
b5b9596f.2020-02-10_00-00-00.2020-02-16_00-00-00,57600,0.0705162382961549
b5b9596f.2020-02-10_00-00-00.2020-02-16_00-00-00,58200,0.0567045048727166
b5b9596f.2020-02-10_00-00-00.2020-02-16_00-00-00,58800,0.0651191659039015
b5b9596f.2020-02-10_00-00-00.2020-02-16_00-00-00,59400,0.0698564010603599
b5b9596f.2020-02-10_00-00-00.2020-02-16_00-00-00,60000,0.0956002996541766
b5b9596f.2020-02-10_00-00-00.2020-02-16_00-00-00,60600,0.117065667675936
b5b9596f.2020-02-10_00-00-00.2020-02-16_00-00-00,61200,0.176503443777867
b5b9596f.2020-02-10_00-00-00.2020-02-16_00-00-00,61800,0.198479377178686
b5b9596f.2020-02-10_00-00-00.2020-02-16_00-00-00,62400,0.227998080601495
b5b9596f.2020-02-10_00-00-00.2020-02-16_00-00-00,63000,0.211570336254831
b5b9596f.2020-02-10_00-00-00.2020-02-16_00-00-00,63600,0.196104293193446
b5b9596f.2020-02-10_00-00-00.2020-02-16_00-00-00,64200,0.150986709482785
b5b9596f.2020-02-10_00-00-00.2020-02-16_00-00-00,64800,0.106594223542353
b5b9596f.2020-02-10_00-00-00.2020-02-16_00-00-00,65400,0.0648700729128886
b5b9596f.2020-02-10_00-00-00.2020-02-16_00-00-00,66000,0.018120200360095
b5b9596f.2020-02-10_00-00-00.2020-02-16_00-00-00,66600,0.00248765660530281
b5b9596f.2020-02-10_00-00-00.2020-02-16_00-00-00,67200,-0.0124044322813012
b5b9596f.2020-02-10_00-00-00.2020-02-16_00-00-00,67800,-0.0042430112164256
b5b9596f.2020-02-10_00-00-00.2020-02-16_00-00-00,68400,-0.0122033111647841
b5b9596f.2020-02-10_00-00-00.2020-02-16_00-00-00,69000,-0.00891815102215255
b5b9596f.2020-02-10_00-00-00.2020-02-16_00-00-00,69600,-0.0166279528383851
b5b9596f.2020-02-10_00-00-00.2020-02-16_00-00-00,70200,-0.0222823236274784
b5b9596f.2020-02-10_00-00-00.2020-02-16_00-00-00,70800,-0.0249278994663761
b5b9596f.2020-02-10_00-00-00.2020-02-16_00-00-00,71400,-0.0211939558363692
b5b9596f.2020-02-10_00-00-00.2020-02-16_00-00-00,72000,-0.00205401695588305
b5b9596f.2020-02-10_00-00-00.2020-02-16_00-00-00,72600,0.0200285036929915
b5b9596f.2020-02-10_00-00-00.2020-02-16_00-00-00,73200,0.0401994080128611
b5b9596f.2020-02-10_00-00-00.2020-02-16_00-00-00,73800,0.0634768271746637
b5b9596f.2020-02-10_00-00-00.2020-02-16_00-00-00,74400,0.0875093835348291
b5b9596f.2020-02-10_00-00-00.2020-02-16_00-00-00,75000,0.105252153702129
b5b9596f.2020-02-10_00-00-00.2020-02-16_00-00-00,75600,0.129661584353375
b5b9596f.2020-02-10_00-00-00.2020-02-16_00-00-00,76200,0.140440598553146
b5b9596f.2020-02-10_00-00-00.2020-02-16_00-00-00,76800,0.143549365993853
b5b9596f.2020-02-10_00-00-00.2020-02-16_00-00-00,77400,0.138290012346298
b5b9596f.2020-02-10_00-00-00.2020-02-16_00-00-00,78000,0.118851293073171
b5b9596f.2020-02-10_00-00-00.2020-02-16_00-00-00,78600,0.105530184522779
b5b9596f.2020-02-10_00-00-00.2020-02-16_00-00-00,79200,0.0909015840661773
b5b9596f.2020-02-10_00-00-00.2020-02-16_00-00-00,79800,0.0774220796968693
b5b9596f.2020-02-10_00-00-00.2020-02-16_00-00-00,80400,0.0643218960276144
b5b9596f.2020-02-10_00-00-00.2020-02-16_00-00-00,81000,0.0583358493075815
b5b9596f.2020-02-10_00-00-00.2020-02-16_00-00-00,81600,0.0611165365429169
b5b9596f.2020-02-10_00-00-00.2020-02-16_00-00-00,82200,0.0379035686179124
b5b9596f.2020-02-10_00-00-00.2020-02-16_00-00-00,82800,0.0270703538682301
b5b9596f.2020-02-10_00-00-00.2020-02-16_00-00-00,83400,0.022226026003087
b5b9596f.2020-02-10_00-00-00.2020-02-16_00-00-00,84000,0.021499784969392
b5b9596f.2020-02-10_00-00-00.2020-02-16_00-00-00,84600,-0.00920230906518985
b5b9596f.2020-02-10_00-00-00.2020-02-16_00-00-00,85200,-0.0196259561970819
b5b9596f.2020-02-10_00-00-00.2020-02-16_00-00-00,85800,-0.0152097287169507
b5b9596f.2020-02-10_00-00-00.2020-02-16_00-00-00,86400,-0.000623290893602528
b5b9596f.2020-02-10_00-00-00.2020-02-16_00-00-00,87000,-0.00105751503910833
b5b9596f.2020-02-10_00-00-00.2020-02-16_00-00-00,87600,0.00334095242546109
b5b9596f.2020-02-10_00-00-00.2020-02-16_00-00-00,88200,0.00413285066772573
b5b9596f.2020-02-10_00-00-00.2020-02-16_00-00-00,88800,0.00208393387629385
b5b9596f.2020-02-10_00-00-00.2020-02-16_00-00-00,89400,-0.0135368639462297
b5b9596f.2020-02-10_00-00-00.2020-02-16_00-00-00,90000,-0.0434359927709924
b5b9596f.2020-02-10_00-00-00.2020-02-16_00-00-00,90600,-0.046528927106562
b5b9596f.2020-02-10_00-00-00.2020-02-16_00-00-00,91200,-0.0569125122924452
b5b9596f.2020-02-10_00-00-00.2020-02-16_00-00-00,91800,-0.0537677591635235
b5b9596f.2020-02-10_00-00-00.2020-02-16_00-00-00,92400,-0.0677694755779018
b5b9596f.2020-02-10_00-00-00.2020-02-16_00-00-00,93000,-0.0564995557509907
b5b9596f.2020-02-10_00-00-00.2020-02-16_00-00-00,93600,-0.0418690357488508
b5b9596f.2020-02-10_00-00-00.2020-02-16_00-00-00,94200,-0.0170206077383128
b5b9596f.2020-02-10_00-00-00.2020-02-16_00-00-00,94800,0.000853443619508049
b5b9596f.2020-02-10_00-00-00.2020-02-16_00-00-00,95400,0.0331054894039723
b5b9596f.2020-02-10_00-00-00.2020-02-16_00-00-00,96000,0.056406877726539
b5b9596f.2020-02-10_00-00-00.2020-02-16_00-00-00,96600,0.0797918977673437
b5b9596f.2020-02-10_00-00-00.2020-02-16_00-00-00,97200,0.0763104000680195
b5b9596f.2020-02-10_00-00-00.2020-02-16_00-00-00,97800,0.0702999598930678
b5b9596f.2020-02-10_00-00-00.2020-02-16_00-00-00,98400,0.06283078753606
b5b9596f.2020-02-10_00-00-00.2020-02-16_00-00-00,99000,0.0453135558439643
b5b9596f.2020-02-10_00-00-00.2020-02-16_00-00-00,99600,0.0331439174042344
b5b9596f.2020-02-10_00-00-00.2020-02-16_00-00-00,100200,0.0216503312834051
b5b9596f.2020-02-10_00-00-00.2020-02-16_00-00-00,100800,0.0181778148023488
b5b9596f.2020-02-10_00-00-00.2020-02-16_00-00-00,101400,-0.00477917159518913
b5b9596f.2020-02-10_00-00-00.2020-02-16_00-00-00,102000,-0.0155813424502505
b5b9596f.2020-02-10_00-00-00.2020-02-16_00-00-00,102600,-0.0311571587128239
b5b9596f.2020-02-10_00-00-00.2020-02-16_00-00-00,103200,-0.0516515961249398
b5b9596f.2020-02-10_00-00-00.2020-02-16_00-00-00,103800,-0.0682579789611541
b5b9596f.2020-02-10_00-00-00.2020-02-16_00-00-00,104400,-0.0708809566265987
b5b9596f.2020-02-10_00-00-00.2020-02-16_00-00-00,105000,-0.0704295548003285
b5b9596f.2020-02-10_00-00-00.2020-02-16_00-00-00,105600,-0.0628833470150707
b5b9596f.2020-02-10_00-00-00.2020-02-16_00-00-00,106200,-0.0643741967371155
b5b9596f.2020-02-10_00-00-00.2020-02-16_00-00-00,106800,-0.0568017277912344
b5b9596f.2020-02-10_00-00-00.2020-02-16_00-00-00,107400,-0.049440758410408
b5b9596f.2020-02-10_00-00-00.2020-02-16_00-00-00,108000,-0.0406281824109633
b5b9596f.2020-02-10_00-00-00.2020-02-16_00-00-00,108600,-0.0443936719573538
b5b9596f.2020-02-10_00-00-00.2020-02-16_00-00-00,109200,-0.0536629568467397
b5b9596f.2020-02-10_00-00-00.2020-02-16_00-00-00,109800,-0.0367008741800101
b5b9596f.2020-02-10_00-00-00.2020-02-16_00-00-00,110400,-0.0296827218163621
b5b9596f.2020-02-10_00-00-00.2020-02-16_00-00-00,111000,-0.0257126005786186
b5b9596f.2020-02-10_00-00-00.2020-02-16_00-00-00,111600,-0.0365163938068946
b5b9596f.2020-02-10_00-00-00.2020-02-16_00-00-00,112200,-0.0310066338405685
b5b9596f.2020-02-10_00-00-00.2020-02-16_00-00-00,112800,-0.0357306300215987
b5b9596f.2020-02-10_00-00-00.2020-02-16_00-00-00,113400,-0.0459116674316554
b5b9596f.2020-02-10_00-00-00.2020-02-16_00-00-00,114000,-0.0622941502372623
b5b9596f.2020-02-10_00-00-00.2020-02-16_00-00-00,114600,-0.0614029790856432
b5b9596f.2020-02-10_00-00-00.2020-02-16_00-00-00,115200,-0.0668941021517234
e843292f.2020-01-28_00-00-00.2020-02-02_00-00-00,57000,0.0070317774005538
e843292f.2020-01-28_00-00-00.2020-02-02_00-00-00,57600,-0.00588572130793767
e843292f.2020-01-28_00-00-00.2020-02-02_00-00-00,58200,-0.0041500445295904
e843292f.2020-01-28_00-00-00.2020-02-02_00-00-00,58800,0.00958009664003674
e843292f.2020-01-28_00-00-00.2020-02-02_00-00-00,59400,0.0217006789752472
e843292f.2020-01-28_00-00-00.2020-02-02_00-00-00,60000,0.0462377081964099
e843292f.2020-01-28_00-00-00.2020-02-02_00-00-00,60600,0.0661686322954517
e843292f.2020-01-28_00-00-00.2020-02-02_00-00-00,61200,0.0733710468843085
e843292f.2020-01-28_00-00-00.2020-02-02_00-00-00,61800,0.0641153956453949
e843292f.2020-01-28_00-00-00.2020-02-02_00-00-00,62400,0.0418241462581905
e843292f.2020-01-28_00-00-00.2020-02-02_00-00-00,63000,0.0277338610912276
e843292f.2020-01-28_00-00-00.2020-02-02_00-00-00,63600,0.00287170729206708
e843292f.2020-01-28_00-00-00.2020-02-02_00-00-00,64200,-0.0251555209762666
e843292f.2020-01-28_00-00-00.2020-02-02_00-00-00,64800,-0.0320912959178074
e843292f.2020-01-28_00-00-00.2020-02-02_00-00-00,65400,-0.0209825579456597
e843292f.2020-01-28_00-00-00.2020-02-02_00-00-00,66000,-0.00304905323976024
e843292f.2020-01-28_00-00-00.2020-02-02_00-00-00,66600,0.00776632217840557
e843292f.2020-01-28_00-00-00.2020-02-02_00-00-00,67200,0.0221686672829046
e843292f.2020-01-28_00-00-00.2020-02-02_00-00-00,67800,0.0352067583856862
e843292f.2020-01-28_00-00-00.2020-02-02_00-00-00,68400,0.025085009131706
e843292f.2020-01-28_00-00-00.2020-02-02_00-00-00,69000,0.00535362237973182
e843292f.2020-01-28_00-00-00.2020-02-02_00-00-00,69600,-0.0102211439642318
e843292f.2020-01-28_00-00-00.2020-02-02_00-00-00,70200,-0.000348909218911945
e843292f.2020-01-28_00-00-00.2020-02-02_00-00-00,70800,0.00372629340483979
e843292f.2020-01-28_00-00-00.2020-02-02_00-00-00,71400,0.0152801504873925
e843292f.2020-01-28_00-00-00.2020-02-02_00-00-00,72000,0.0274362682991453
e843292f.2020-01-28_00-00-00.2020-02-02_00-00-00,72600,0.0325917059122667
e843292f.2020-01-28_00-00-00.2020-02-02_00-00-00,73200,0.0158686896995331
e843292f.2020-01-28_00-00-00.2020-02-02_00-00-00,73800,-0.00986445193522985
e843292f.2020-01-28_00-00-00.2020-02-02_00-00-00,74400,-0.0195849024696331
e843292f.2020-01-28_00-00-00.2020-02-02_00-00-00,75000,-0.0176154058454795
e843292f.2020-01-28_00-00-00.2020-02-02_00-00-00,75600,0.0141565683289786
e843292f.2020-01-28_00-00-00.2020-02-02_00-00-00,76200,0.0448177656840899
e843292f.2020-01-28_00-00-00.2020-02-02_00-00-00,76800,0.0933506711841601
e843292f.2020-01-28_00-00-00.2020-02-02_00-00-00,77400,0.126378452680857
e843292f.2020-01-28_00-00-00.2020-02-02_00-00-00,78000,0.140095546761949
e843292f.2020-01-28_00-00-00.2020-02-02_00-00-00,78600,0.113294720366192
e843292f.2020-01-28_00-00-00.2020-02-02_00-00-00,79200,0.0846172011838117
e843292f.2020-01-28_00-00-00.2020-02-02_00-00-00,79800,0.0436777846030183
e843292f.2020-01-28_00-00-00.2020-02-02_00-00-00,80400,0.021563004189923
e843292f.2020-01-28_00-00-00.2020-02-02_00-00-00,81000,-0.00391424176206475
e843292f.2020-01-28_00-00-00.2020-02-02_00-00-00,81600,0.000142044836816469
e843292f.2020-01-28_00-00-00.2020-02-02_00-00-00,82200,0.0149371991945015
e843292f.2020-01-28_00-00-00.2020-02-02_00-00-00,82800,0.0466177970689298
e843292f.2020-01-28_00-00-00.2020-02-02_00-00-00,83400,0.0604203835799113
e843292f.2020-01-28_00-00-00.2020-02-02_00-00-00,84000,0.0731637416392575
e843292f.2020-01-28_00-00-00.2020-02-02_00-00-00,84600,0.0908888437580671
e843292f.2020-01-28_00-00-00.2020-02-02_00-00-00,85200,0.106559523780651
e843292f.2020-01-28_00-00-00.2020-02-02_00-00-00,85800,0.096443345593515
e843292f.2020-01-28_00-00-00.2020-02-02_00-00-00,86400,0.0866366490948855
e843292f.2020-01-28_00-00-00.2020-02-02_00-00-00,87000,0.0733160671858713
e843292f.2020-01-28_00-00-00.2020-02-02_00-00-00,87600,0.0513072001601361
e843292f.2020-01-28_00-00-00.2020-02-02_00-00-00,88200,0.0130917777525532
e843292f.2020-01-28_00-00-00.2020-02-02_00-00-00,88800,-0.0129307009281665
e843292f.2020-01-28_00-00-00.2020-02-02_00-00-00,89400,-0.0163711251576601
e843292f.2020-01-28_00-00-00.2020-02-02_00-00-00,90000,-0.0221456808429029
e843292f.2020-01-28_00-00-00.2020-02-02_00-00-00,90600,-0.0162766037193496
e843292f.2020-01-28_00-00-00.2020-02-02_00-00-00,91200,-0.0150372812305942
e843292f.2020-01-28_00-00-00.2020-02-02_00-00-00,91800,0.00130968540153916
e843292f.2020-01-28_00-00-00.2020-02-02_00-00-00,92400,-0.000298397857678395
e843292f.2020-01-28_00-00-00.2020-02-02_00-00-00,93000,-0.00417054710990155
e843292f.2020-01-28_00-00-00.2020-02-02_00-00-00,93600,-0.0042474163956418
e843292f.2020-01-28_00-00-00.2020-02-02_00-00-00,94200,-0.0100047920111695
e843292f.2020-01-28_00-00-00.2020-02-02_00-00-00,94800,-0.0154497621895169
e843292f.2020-01-28_00-00-00.2020-02-02_00-00-00,95400,-0.028749898507309
e843292f.2020-01-28_00-00-00.2020-02-02_00-00-00,96000,-0.0402381927019495
e843292f.2020-01-28_00-00-00.2020-02-02_00-00-00,96600,-0.0502164203648198
e843292f.2020-01-28_00-00-00.2020-02-02_00-00-00,97200,-0.0528246853741955
e843292f.2020-01-28_00-00-00.2020-02-02_00-00-00,97800,-0.067085316947908
e843292f.2020-01-28_00-00-00.2020-02-02_00-00-00,98400,-0.0770337116678209
e843292f.2020-01-28_00-00-00.2020-02-02_00-00-00,99000,-0.0828270238505711
e843292f.2020-01-28_00-00-00.2020-02-02_00-00-00,99600,-0.0961257757380457
e843292f.2020-01-28_00-00-00.2020-02-02_00-00-00,100200,-0.109389312356571
e843292f.2020-01-28_00-00-00.2020-02-02_00-00-00,100800,-0.10738925981799
e843292f.2020-01-28_00-00-00.2020-02-02_00-00-00,101400,-0.10340456300212
e843292f.2020-01-28_00-00-00.2020-02-02_00-00-00,102000,-0.088909508661409
e843292f.2020-01-28_00-00-00.2020-02-02_00-00-00,102600,-0.0726532721856105
e843292f.2020-01-28_00-00-00.2020-02-02_00-00-00,103200,-0.0690889984099702
e843292f.2020-01-28_00-00-00.2020-02-02_00-00-00,103800,-0.0645381194272114
e843292f.2020-01-28_00-00-00.2020-02-02_00-00-00,104400,-0.062187719544154
e843292f.2020-01-28_00-00-00.2020-02-02_00-00-00,105000,-0.0650924359748676
e843292f.2020-01-28_00-00-00.2020-02-02_00-00-00,105600,-0.0715326896921319
e843292f.2020-01-28_00-00-00.2020-02-02_00-00-00,106200,-0.0768618624305778
e843292f.2020-01-28_00-00-00.2020-02-02_00-00-00,106800,-0.0809264167322421
e843292f.2020-01-28_00-00-00.2020-02-02_00-00-00,107400,-0.0854449308215719
e843292f.2020-01-28_00-00-00.2020-02-02_00-00-00,108000,-0.0790483964604384
e843292f.2020-01-28_00-00-00.2020-02-02_00-00-00,108600,-0.0736492534281271
e843292f.2020-01-28_00-00-00.2020-02-02_00-00-00,109200,-0.0609644940169723
e843292f.2020-01-28_00-00-00.2020-02-02_00-00-00,109800,-0.0428234685752527
e843292f.2020-01-28_00-00-00.2020-02-02_00-00-00,110400,-0.019567418342085
e843292f.2020-01-28_00-00-00.2020-02-02_00-00-00,111000,-0.00855048033851864
e843292f.2020-01-28_00-00-00.2020-02-02_00-00-00,111600,0.00669199404574693
e843292f.2020-01-28_00-00-00.2020-02-02_00-00-00,112200,0.0186754567003698
e843292f.2020-01-28_00-00-00.2020-02-02_00-00-00,112800,0.0162316997512201
e843292f.2020-01-28_00-00-00.2020-02-02_00-00-00,113400,0.0170273504140714
e843292f.2020-01-28_00-00-00.2020-02-02_00-00-00,114000,0.0114129036093622
e843292f.2020-01-28_00-00-00.2020-02-02_00-00-00,114600,0.00241217864589139
e843292f.2020-01-28_00-00-00.2020-02-02_00-00-00,115200,-0.0145996617301107
e843292f.2020-02-10_00-00-00.2020-02-16_00-00-00,57000,-0.0686419793767465
e843292f.2020-02-10_00-00-00.2020-02-16_00-00-00,57600,-0.04916621485068
e843292f.2020-02-10_00-00-00.2020-02-16_00-00-00,58200,-0.0233807400827375
e843292f.2020-02-10_00-00-00.2020-02-16_00-00-00,58800,-0.00290915405444219
e843292f.2020-02-10_00-00-00.2020-02-16_00-00-00,59400,0.00651669974881168
e843292f.2020-02-10_00-00-00.2020-02-16_00-00-00,60000,5.02587345500975E-05
e843292f.2020-02-10_00-00-00.2020-02-16_00-00-00,60600,-0.00771379232445381
e843292f.2020-02-10_00-00-00.2020-02-16_00-00-00,61200,-0.0128505405979582
e843292f.2020-02-10_00-00-00.2020-02-16_00-00-00,61800,-0.036755132846443
e843292f.2020-02-10_00-00-00.2020-02-16_00-00-00,62400,-0.0778631091026353
e843292f.2020-02-10_00-00-00.2020-02-16_00-00-00,63000,-0.0951762601748104
e843292f.2020-02-10_00-00-00.2020-02-16_00-00-00,63600,-0.0980852482774603
e843292f.2020-02-10_00-00-00.2020-02-16_00-00-00,64200,-0.110247818183639
e843292f.2020-02-10_00-00-00.2020-02-16_00-00-00,64800,-0.111589480808382
e843292f.2020-02-10_00-00-00.2020-02-16_00-00-00,65400,-0.0941203724698028
e843292f.2020-02-10_00-00-00.2020-02-16_00-00-00,66000,-0.0700673948169857
e843292f.2020-02-10_00-00-00.2020-02-16_00-00-00,66600,-0.0679213240589033
e843292f.2020-02-10_00-00-00.2020-02-16_00-00-00,67200,-0.0559814700508564
e843292f.2020-02-10_00-00-00.2020-02-16_00-00-00,67800,-0.0487440106678496
e843292f.2020-02-10_00-00-00.2020-02-16_00-00-00,68400,-0.0594159175292605
e843292f.2020-02-10_00-00-00.2020-02-16_00-00-00,69000,-0.0676185517391174
e843292f.2020-02-10_00-00-00.2020-02-16_00-00-00,69600,-0.0736887915470944
e843292f.2020-02-10_00-00-00.2020-02-16_00-00-00,70200,-0.0821839821714893
e843292f.2020-02-10_00-00-00.2020-02-16_00-00-00,70800,-0.0778328939568247
e843292f.2020-02-10_00-00-00.2020-02-16_00-00-00,71400,-0.0585763532325448
e843292f.2020-02-10_00-00-00.2020-02-16_00-00-00,72000,-0.0325481151982933
e843292f.2020-02-10_00-00-00.2020-02-16_00-00-00,72600,-0.0137164412756193
e843292f.2020-02-10_00-00-00.2020-02-16_00-00-00,73200,0.00719842388051602
e843292f.2020-02-10_00-00-00.2020-02-16_00-00-00,73800,0.0216380278061638
e843292f.2020-02-10_00-00-00.2020-02-16_00-00-00,74400,-0.00157010451623124
e843292f.2020-02-10_00-00-00.2020-02-16_00-00-00,75000,-0.0291985936922866
e843292f.2020-02-10_00-00-00.2020-02-16_00-00-00,75600,-0.0598753223908904
e843292f.2020-02-10_00-00-00.2020-02-16_00-00-00,76200,-0.0936937660533793
e843292f.2020-02-10_00-00-00.2020-02-16_00-00-00,76800,-0.129305530656846
e843292f.2020-02-10_00-00-00.2020-02-16_00-00-00,77400,-0.148442047442488
e843292f.2020-02-10_00-00-00.2020-02-16_00-00-00,78000,-0.151157976658055
e843292f.2020-02-10_00-00-00.2020-02-16_00-00-00,78600,-0.153636874132578
e843292f.2020-02-10_00-00-00.2020-02-16_00-00-00,79200,-0.139720427083711
e843292f.2020-02-10_00-00-00.2020-02-16_00-00-00,79800,-0.126948124777272
e843292f.2020-02-10_00-00-00.2020-02-16_00-00-00,80400,-0.106836012901654
e843292f.2020-02-10_00-00-00.2020-02-16_00-00-00,81000,-0.0995541218570995
e843292f.2020-02-10_00-00-00.2020-02-16_00-00-00,81600,-0.0916440044367122
e843292f.2020-02-10_00-00-00.2020-02-16_00-00-00,82200,-0.0891715722505191
e843292f.2020-02-10_00-00-00.2020-02-16_00-00-00,82800,-0.0831940214578988
e843292f.2020-02-10_00-00-00.2020-02-16_00-00-00,83400,-0.0781200770689401
e843292f.2020-02-10_00-00-00.2020-02-16_00-00-00,84000,-0.0631972355707887
e843292f.2020-02-10_00-00-00.2020-02-16_00-00-00,84600,-0.0476156862426771
e843292f.2020-02-10_00-00-00.2020-02-16_00-00-00,85200,-0.0342009860109518
e843292f.2020-02-10_00-00-00.2020-02-16_00-00-00,85800,-0.0394074506876999
e843292f.2020-02-10_00-00-00.2020-02-16_00-00-00,86400,-0.0511181077620361
e843292f.2020-02-10_00-00-00.2020-02-16_00-00-00,87000,-0.0748025411704343
e843292f.2020-02-10_00-00-00.2020-02-16_00-00-00,87600,-0.110853635774787
e843292f.2020-02-10_00-00-00.2020-02-16_00-00-00,88200,-0.141813555654568
e843292f.2020-02-10_00-00-00.2020-02-16_00-00-00,88800,-0.15878061797063
e843292f.2020-02-10_00-00-00.2020-02-16_00-00-00,89400,-0.152325606363546
e843292f.2020-02-10_00-00-00.2020-02-16_00-00-00,90000,-0.15424435245983
e843292f.2020-02-10_00-00-00.2020-02-16_00-00-00,90600,-0.143429745792633
e843292f.2020-02-10_00-00-00.2020-02-16_00-00-00,91200,-0.119107460184235
e843292f.2020-02-10_00-00-00.2020-02-16_00-00-00,91800,-0.104373279764783
e843292f.2020-02-10_00-00-00.2020-02-16_00-00-00,92400,-0.104381362628398
e843292f.2020-02-10_00-00-00.2020-02-16_00-00-00,93000,-0.095757343817366
e843292f.2020-02-10_00-00-00.2020-02-16_00-00-00,93600,-0.0868588774199698
e843292f.2020-02-10_00-00-00.2020-02-16_00-00-00,94200,-0.0785195583242107
e843292f.2020-02-10_00-00-00.2020-02-16_00-00-00,94800,-0.0749801809373047
e843292f.2020-02-10_00-00-00.2020-02-16_00-00-00,95400,-0.0610242645397022
e843292f.2020-02-10_00-00-00.2020-02-16_00-00-00,96000,-0.0566831377330981
e843292f.2020-02-10_00-00-00.2020-02-16_00-00-00,96600,-0.0687481468075284
e843292f.2020-02-10_00-00-00.2020-02-16_00-00-00,97200,-0.0866147707054758
e843292f.2020-02-10_00-00-00.2020-02-16_00-00-00,97800,-0.111844640977709
e843292f.2020-02-10_00-00-00.2020-02-16_00-00-00,98400,-0.134244908759811
e843292f.2020-02-10_00-00-00.2020-02-16_00-00-00,99000,-0.155158459528562
e843292f.2020-02-10_00-00-00.2020-02-16_00-00-00,99600,-0.158293394380491
e843292f.2020-02-10_00-00-00.2020-02-16_00-00-00,100200,-0.142428826443804
e843292f.2020-02-10_00-00-00.2020-02-16_00-00-00,100800,-0.122187826290324
e843292f.2020-02-10_00-00-00.2020-02-16_00-00-00,101400,-0.102475905839374
e843292f.2020-02-10_00-00-00.2020-02-16_00-00-00,102000,-0.0821297696565958
e843292f.2020-02-10_00-00-00.2020-02-16_00-00-00,102600,-0.0620446874766674
e843292f.2020-02-10_00-00-00.2020-02-16_00-00-00,103200,-0.0610316771227447
e843292f.2020-02-10_00-00-00.2020-02-16_00-00-00,103800,-0.0581580305690561
e843292f.2020-02-10_00-00-00.2020-02-16_00-00-00,104400,-0.0682939718151636
e843292f.2020-02-10_00-00-00.2020-02-16_00-00-00,105000,-0.0846199199810079
e843292f.2020-02-10_00-00-00.2020-02-16_00-00-00,105600,-0.111368683643896
e843292f.2020-02-10_00-00-00.2020-02-16_00-00-00,106200,-0.13629873384658
e843292f.2020-02-10_00-00-00.2020-02-16_00-00-00,106800,-0.156523532649204
e843292f.2020-02-10_00-00-00.2020-02-16_00-00-00,107400,-0.168134816315089
e843292f.2020-02-10_00-00-00.2020-02-16_00-00-00,108000,-0.168918222768267
e843292f.2020-02-10_00-00-00.2020-02-16_00-00-00,108600,-0.154529619289948
e843292f.2020-02-10_00-00-00.2020-02-16_00-00-00,109200,-0.12783875934232
e843292f.2020-02-10_00-00-00.2020-02-16_00-00-00,109800,-0.0990972010541398
e843292f.2020-02-10_00-00-00.2020-02-16_00-00-00,110400,-0.061594396385843
e843292f.2020-02-10_00-00-00.2020-02-16_00-00-00,111000,-0.0202267843032231
e843292f.2020-02-10_00-00-00.2020-02-16_00-00-00,111600,0.0206367410907341
e843292f.2020-02-10_00-00-00.2020-02-16_00-00-00,112200,0.0310730952372449
e843292f.2020-02-10_00-00-00.2020-02-16_00-00-00,112800,0.0366432959047864
e843292f.2020-02-10_00-00-00.2020-02-16_00-00-00,113400,0.0262334101840717
e843292f.2020-02-10_00-00-00.2020-02-16_00-00-00,114000,-0.00572232978242363
e843292f.2020-02-10_00-00-00.2020-02-16_00-00-00,114600,-0.045086316859343
e843292f.2020-02-10_00-00-00.2020-02-16_00-00-00,115200,-0.0764576246314158
