id,label_itc,taxon,device,start_datetime,end_datetime
0.08038ade.1593036000,0,background,08038ade,2020-06-24T22:00:00Z,2020-07-01T12:00:00Z
0.08038ade.1593640800,0,background,08038ade,2020-07-01T22:00:00Z,2020-07-08T12:00:00Z
0.08038ade.1594245600,0,background,08038ade,2020-07-08T22:00:00Z,2020-07-15T12:00:00Z
0.08038ade.1594850400,0,background,08038ade,2020-07-15T22:00:00Z,2020-07-22T12:00:00Z
0.0a5bb6f4.1593036000,0,background,0a5bb6f4,2020-06-24T22:00:00Z,2020-07-01T12:00:00Z
0.0a5bb6f4.1593640800,0,background,0a5bb6f4,2020-07-01T22:00:00Z,2020-07-08T12:00:00Z
0.0a5bb6f4.1594245600,0,background,0a5bb6f4,2020-07-08T22:00:00Z,2020-07-15T12:00:00Z
0.0a5bb6f4.1594850400,0,background,0a5bb6f4,2020-07-15T22:00:00Z,2020-07-22T12:00:00Z
0.15e612cd.1593036000,0,background,15e612cd,2020-06-24T22:00:00Z,2020-07-01T12:00:00Z
0.15e612cd.1593640800,0,background,15e612cd,2020-07-01T22:00:00Z,2020-07-08T12:00:00Z
0.15e612cd.1594245600,0,background,15e612cd,2020-07-08T22:00:00Z,2020-07-15T12:00:00Z
0.15e612cd.1594850400,0,background,15e612cd,2020-07-15T22:00:00Z,2020-07-22T12:00:00Z
0.1b74105a.1593036000,0,background,1b74105a,2020-06-24T22:00:00Z,2020-07-01T12:00:00Z
0.1b74105a.1593640800,0,background,1b74105a,2020-07-01T22:00:00Z,2020-07-08T12:00:00Z
0.1b74105a.1594245600,0,background,1b74105a,2020-07-08T22:00:00Z,2020-07-15T12:00:00Z
0.1b74105a.1594850400,0,background,1b74105a,2020-07-15T22:00:00Z,2020-07-22T12:00:00Z
0.398948ee.1593036000,0,background,398948ee,2020-06-24T22:00:00Z,2020-07-01T12:00:00Z
0.398948ee.1593640800,0,background,398948ee,2020-07-01T22:00:00Z,2020-07-08T12:00:00Z
0.398948ee.1594245600,0,background,398948ee,2020-07-08T22:00:00Z,2020-07-15T12:00:00Z
0.398948ee.1594850400,0,background,398948ee,2020-07-15T22:00:00Z,2020-07-22T12:00:00Z
0.5595c586.1593036000,0,background,5595c586,2020-06-24T22:00:00Z,2020-07-01T12:00:00Z
0.5595c586.1593640800,0,background,5595c586,2020-07-01T22:00:00Z,2020-07-08T12:00:00Z
0.5595c586.1594245600,0,background,5595c586,2020-07-08T22:00:00Z,2020-07-15T12:00:00Z
0.5595c586.1594850400,0,background,5595c586,2020-07-15T22:00:00Z,2020-07-22T12:00:00Z
0.5c173ff2.1593036000,0,background,5c173ff2,2020-06-24T22:00:00Z,2020-07-01T12:00:00Z
0.5c173ff2.1593640800,0,background,5c173ff2,2020-07-01T22:00:00Z,2020-07-08T12:00:00Z
0.5c173ff2.1594245600,0,background,5c173ff2,2020-07-08T22:00:00Z,2020-07-15T12:00:00Z
0.5c173ff2.1594850400,0,background,5c173ff2,2020-07-15T22:00:00Z,2020-07-22T12:00:00Z
0.d9699ed0.1593036000,0,background,d9699ed0,2020-06-24T22:00:00Z,2020-07-01T12:00:00Z
0.d9699ed0.1593640800,0,background,d9699ed0,2020-07-01T22:00:00Z,2020-07-08T12:00:00Z
0.d9699ed0.1594245600,0,background,d9699ed0,2020-07-08T22:00:00Z,2020-07-15T12:00:00Z
0.d9699ed0.1594850400,0,background,d9699ed0,2020-07-15T22:00:00Z,2020-07-22T12:00:00Z
0.f54ac578.1593036000,0,background,f54ac578,2020-06-24T22:00:00Z,2020-07-01T12:00:00Z
0.f54ac578.1593640800,0,background,f54ac578,2020-07-01T22:00:00Z,2020-07-08T12:00:00Z
0.f54ac578.1594245600,0,background,f54ac578,2020-07-08T22:00:00Z,2020-07-15T12:00:00Z
0.f54ac578.1594850400,0,background,f54ac578,2020-07-15T22:00:00Z,2020-07-22T12:00:00Z
0.f8d61a5c.1593036000,0,background,f8d61a5c,2020-06-24T22:00:00Z,2020-07-01T12:00:00Z
0.f8d61a5c.1593640800,0,background,f8d61a5c,2020-07-01T22:00:00Z,2020-07-08T12:00:00Z
0.f8d61a5c.1594245600,0,background,f8d61a5c,2020-07-08T22:00:00Z,2020-07-15T12:00:00Z
0.f8d61a5c.1594850400,0,background,f8d61a5c,2020-07-15T22:00:00Z,2020-07-22T12:00:00Z
1.08038ade.1593036000,1,Insecta,08038ade,2020-06-24T22:00:00Z,2020-07-01T12:00:00Z
1.08038ade.1593640800,1,Insecta,08038ade,2020-07-01T22:00:00Z,2020-07-08T12:00:00Z
1.08038ade.1594245600,1,Insecta,08038ade,2020-07-08T22:00:00Z,2020-07-15T12:00:00Z
1.08038ade.1594850400,1,Insecta,08038ade,2020-07-15T22:00:00Z,2020-07-22T12:00:00Z
1.0a5bb6f4.1593036000,1,Insecta,0a5bb6f4,2020-06-24T22:00:00Z,2020-07-01T12:00:00Z
1.0a5bb6f4.1593640800,1,Insecta,0a5bb6f4,2020-07-01T22:00:00Z,2020-07-08T12:00:00Z
1.0a5bb6f4.1594245600,1,Insecta,0a5bb6f4,2020-07-08T22:00:00Z,2020-07-15T12:00:00Z
1.0a5bb6f4.1594850400,1,Insecta,0a5bb6f4,2020-07-15T22:00:00Z,2020-07-22T12:00:00Z
1.15e612cd.1593036000,1,Insecta,15e612cd,2020-06-24T22:00:00Z,2020-07-01T12:00:00Z
1.15e612cd.1593640800,1,Insecta,15e612cd,2020-07-01T22:00:00Z,2020-07-08T12:00:00Z
1.15e612cd.1594245600,1,Insecta,15e612cd,2020-07-08T22:00:00Z,2020-07-15T12:00:00Z
1.15e612cd.1594850400,1,Insecta,15e612cd,2020-07-15T22:00:00Z,2020-07-22T12:00:00Z
1.1b74105a.1593036000,1,Insecta,1b74105a,2020-06-24T22:00:00Z,2020-07-01T12:00:00Z
1.1b74105a.1593640800,1,Insecta,1b74105a,2020-07-01T22:00:00Z,2020-07-08T12:00:00Z
1.1b74105a.1594245600,1,Insecta,1b74105a,2020-07-08T22:00:00Z,2020-07-15T12:00:00Z
1.1b74105a.1594850400,1,Insecta,1b74105a,2020-07-15T22:00:00Z,2020-07-22T12:00:00Z
1.398948ee.1593036000,1,Insecta,398948ee,2020-06-24T22:00:00Z,2020-07-01T12:00:00Z
1.398948ee.1593640800,1,Insecta,398948ee,2020-07-01T22:00:00Z,2020-07-08T12:00:00Z
1.398948ee.1594245600,1,Insecta,398948ee,2020-07-08T22:00:00Z,2020-07-15T12:00:00Z
1.398948ee.1594850400,1,Insecta,398948ee,2020-07-15T22:00:00Z,2020-07-22T12:00:00Z
1.5595c586.1593036000,1,Insecta,5595c586,2020-06-24T22:00:00Z,2020-07-01T12:00:00Z
1.5595c586.1593640800,1,Insecta,5595c586,2020-07-01T22:00:00Z,2020-07-08T12:00:00Z
1.5595c586.1594245600,1,Insecta,5595c586,2020-07-08T22:00:00Z,2020-07-15T12:00:00Z
1.5595c586.1594850400,1,Insecta,5595c586,2020-07-15T22:00:00Z,2020-07-22T12:00:00Z
1.5c173ff2.1593036000,1,Insecta,5c173ff2,2020-06-24T22:00:00Z,2020-07-01T12:00:00Z
1.5c173ff2.1593640800,1,Insecta,5c173ff2,2020-07-01T22:00:00Z,2020-07-08T12:00:00Z
1.5c173ff2.1594245600,1,Insecta,5c173ff2,2020-07-08T22:00:00Z,2020-07-15T12:00:00Z
1.5c173ff2.1594850400,1,Insecta,5c173ff2,2020-07-15T22:00:00Z,2020-07-22T12:00:00Z
1.d9699ed0.1593036000,1,Insecta,d9699ed0,2020-06-24T22:00:00Z,2020-07-01T12:00:00Z
1.d9699ed0.1593640800,1,Insecta,d9699ed0,2020-07-01T22:00:00Z,2020-07-08T12:00:00Z
1.d9699ed0.1594245600,1,Insecta,d9699ed0,2020-07-08T22:00:00Z,2020-07-15T12:00:00Z
1.d9699ed0.1594850400,1,Insecta,d9699ed0,2020-07-15T22:00:00Z,2020-07-22T12:00:00Z
1.f54ac578.1593036000,1,Insecta,f54ac578,2020-06-24T22:00:00Z,2020-07-01T12:00:00Z
1.f54ac578.1593640800,1,Insecta,f54ac578,2020-07-01T22:00:00Z,2020-07-08T12:00:00Z
1.f54ac578.1594245600,1,Insecta,f54ac578,2020-07-08T22:00:00Z,2020-07-15T12:00:00Z
1.f54ac578.1594850400,1,Insecta,f54ac578,2020-07-15T22:00:00Z,2020-07-22T12:00:00Z
1.f8d61a5c.1593036000,1,Insecta,f8d61a5c,2020-06-24T22:00:00Z,2020-07-01T12:00:00Z
1.f8d61a5c.1593640800,1,Insecta,f8d61a5c,2020-07-01T22:00:00Z,2020-07-08T12:00:00Z
1.f8d61a5c.1594245600,1,Insecta,f8d61a5c,2020-07-08T22:00:00Z,2020-07-15T12:00:00Z
1.f8d61a5c.1594850400,1,Insecta,f8d61a5c,2020-07-15T22:00:00Z,2020-07-22T12:00:00Z
10.08038ade.1593036000,10,Syrphidae,08038ade,2020-06-24T22:00:00Z,2020-07-01T12:00:00Z
10.08038ade.1593640800,10,Syrphidae,08038ade,2020-07-01T22:00:00Z,2020-07-08T12:00:00Z
10.08038ade.1594245600,10,Syrphidae,08038ade,2020-07-08T22:00:00Z,2020-07-15T12:00:00Z
10.08038ade.1594850400,10,Syrphidae,08038ade,2020-07-15T22:00:00Z,2020-07-22T12:00:00Z
10.0a5bb6f4.1593036000,10,Syrphidae,0a5bb6f4,2020-06-24T22:00:00Z,2020-07-01T12:00:00Z
10.0a5bb6f4.1593640800,10,Syrphidae,0a5bb6f4,2020-07-01T22:00:00Z,2020-07-08T12:00:00Z
10.0a5bb6f4.1594245600,10,Syrphidae,0a5bb6f4,2020-07-08T22:00:00Z,2020-07-15T12:00:00Z
10.0a5bb6f4.1594850400,10,Syrphidae,0a5bb6f4,2020-07-15T22:00:00Z,2020-07-22T12:00:00Z
10.15e612cd.1593036000,10,Syrphidae,15e612cd,2020-06-24T22:00:00Z,2020-07-01T12:00:00Z
10.15e612cd.1593640800,10,Syrphidae,15e612cd,2020-07-01T22:00:00Z,2020-07-08T12:00:00Z
10.15e612cd.1594245600,10,Syrphidae,15e612cd,2020-07-08T22:00:00Z,2020-07-15T12:00:00Z
10.15e612cd.1594850400,10,Syrphidae,15e612cd,2020-07-15T22:00:00Z,2020-07-22T12:00:00Z
10.1b74105a.1593036000,10,Syrphidae,1b74105a,2020-06-24T22:00:00Z,2020-07-01T12:00:00Z
10.1b74105a.1593640800,10,Syrphidae,1b74105a,2020-07-01T22:00:00Z,2020-07-08T12:00:00Z
10.1b74105a.1594245600,10,Syrphidae,1b74105a,2020-07-08T22:00:00Z,2020-07-15T12:00:00Z
10.1b74105a.1594850400,10,Syrphidae,1b74105a,2020-07-15T22:00:00Z,2020-07-22T12:00:00Z
10.398948ee.1593036000,10,Syrphidae,398948ee,2020-06-24T22:00:00Z,2020-07-01T12:00:00Z
10.398948ee.1593640800,10,Syrphidae,398948ee,2020-07-01T22:00:00Z,2020-07-08T12:00:00Z
10.398948ee.1594245600,10,Syrphidae,398948ee,2020-07-08T22:00:00Z,2020-07-15T12:00:00Z
10.398948ee.1594850400,10,Syrphidae,398948ee,2020-07-15T22:00:00Z,2020-07-22T12:00:00Z
10.5595c586.1593036000,10,Syrphidae,5595c586,2020-06-24T22:00:00Z,2020-07-01T12:00:00Z
10.5595c586.1593640800,10,Syrphidae,5595c586,2020-07-01T22:00:00Z,2020-07-08T12:00:00Z
10.5595c586.1594245600,10,Syrphidae,5595c586,2020-07-08T22:00:00Z,2020-07-15T12:00:00Z
10.5595c586.1594850400,10,Syrphidae,5595c586,2020-07-15T22:00:00Z,2020-07-22T12:00:00Z
10.5c173ff2.1593036000,10,Syrphidae,5c173ff2,2020-06-24T22:00:00Z,2020-07-01T12:00:00Z
10.5c173ff2.1593640800,10,Syrphidae,5c173ff2,2020-07-01T22:00:00Z,2020-07-08T12:00:00Z
10.5c173ff2.1594245600,10,Syrphidae,5c173ff2,2020-07-08T22:00:00Z,2020-07-15T12:00:00Z
10.5c173ff2.1594850400,10,Syrphidae,5c173ff2,2020-07-15T22:00:00Z,2020-07-22T12:00:00Z
10.d9699ed0.1593036000,10,Syrphidae,d9699ed0,2020-06-24T22:00:00Z,2020-07-01T12:00:00Z
10.d9699ed0.1593640800,10,Syrphidae,d9699ed0,2020-07-01T22:00:00Z,2020-07-08T12:00:00Z
10.d9699ed0.1594245600,10,Syrphidae,d9699ed0,2020-07-08T22:00:00Z,2020-07-15T12:00:00Z
10.d9699ed0.1594850400,10,Syrphidae,d9699ed0,2020-07-15T22:00:00Z,2020-07-22T12:00:00Z
10.f54ac578.1593036000,10,Syrphidae,f54ac578,2020-06-24T22:00:00Z,2020-07-01T12:00:00Z
10.f54ac578.1593640800,10,Syrphidae,f54ac578,2020-07-01T22:00:00Z,2020-07-08T12:00:00Z
10.f54ac578.1594245600,10,Syrphidae,f54ac578,2020-07-08T22:00:00Z,2020-07-15T12:00:00Z
10.f54ac578.1594850400,10,Syrphidae,f54ac578,2020-07-15T22:00:00Z,2020-07-22T12:00:00Z
10.f8d61a5c.1593036000,10,Syrphidae,f8d61a5c,2020-06-24T22:00:00Z,2020-07-01T12:00:00Z
10.f8d61a5c.1593640800,10,Syrphidae,f8d61a5c,2020-07-01T22:00:00Z,2020-07-08T12:00:00Z
10.f8d61a5c.1594245600,10,Syrphidae,f8d61a5c,2020-07-08T22:00:00Z,2020-07-15T12:00:00Z
10.f8d61a5c.1594850400,10,Syrphidae,f8d61a5c,2020-07-15T22:00:00Z,2020-07-22T12:00:00Z
11.08038ade.1593036000,11,A. rubi,08038ade,2020-06-24T22:00:00Z,2020-07-01T12:00:00Z
11.08038ade.1593640800,11,A. rubi,08038ade,2020-07-01T22:00:00Z,2020-07-08T12:00:00Z
11.08038ade.1594245600,11,A. rubi,08038ade,2020-07-08T22:00:00Z,2020-07-15T12:00:00Z
11.08038ade.1594850400,11,A. rubi,08038ade,2020-07-15T22:00:00Z,2020-07-22T12:00:00Z
11.0a5bb6f4.1593036000,11,A. rubi,0a5bb6f4,2020-06-24T22:00:00Z,2020-07-01T12:00:00Z
11.0a5bb6f4.1593640800,11,A. rubi,0a5bb6f4,2020-07-01T22:00:00Z,2020-07-08T12:00:00Z
11.0a5bb6f4.1594245600,11,A. rubi,0a5bb6f4,2020-07-08T22:00:00Z,2020-07-15T12:00:00Z
11.0a5bb6f4.1594850400,11,A. rubi,0a5bb6f4,2020-07-15T22:00:00Z,2020-07-22T12:00:00Z
11.15e612cd.1593036000,11,A. rubi,15e612cd,2020-06-24T22:00:00Z,2020-07-01T12:00:00Z
11.15e612cd.1593640800,11,A. rubi,15e612cd,2020-07-01T22:00:00Z,2020-07-08T12:00:00Z
11.15e612cd.1594245600,11,A. rubi,15e612cd,2020-07-08T22:00:00Z,2020-07-15T12:00:00Z
11.15e612cd.1594850400,11,A. rubi,15e612cd,2020-07-15T22:00:00Z,2020-07-22T12:00:00Z
11.1b74105a.1593036000,11,A. rubi,1b74105a,2020-06-24T22:00:00Z,2020-07-01T12:00:00Z
11.1b74105a.1593640800,11,A. rubi,1b74105a,2020-07-01T22:00:00Z,2020-07-08T12:00:00Z
11.1b74105a.1594245600,11,A. rubi,1b74105a,2020-07-08T22:00:00Z,2020-07-15T12:00:00Z
11.1b74105a.1594850400,11,A. rubi,1b74105a,2020-07-15T22:00:00Z,2020-07-22T12:00:00Z
11.398948ee.1593036000,11,A. rubi,398948ee,2020-06-24T22:00:00Z,2020-07-01T12:00:00Z
11.398948ee.1593640800,11,A. rubi,398948ee,2020-07-01T22:00:00Z,2020-07-08T12:00:00Z
11.398948ee.1594245600,11,A. rubi,398948ee,2020-07-08T22:00:00Z,2020-07-15T12:00:00Z
11.398948ee.1594850400,11,A. rubi,398948ee,2020-07-15T22:00:00Z,2020-07-22T12:00:00Z
11.5595c586.1593036000,11,A. rubi,5595c586,2020-06-24T22:00:00Z,2020-07-01T12:00:00Z
11.5595c586.1593640800,11,A. rubi,5595c586,2020-07-01T22:00:00Z,2020-07-08T12:00:00Z
11.5595c586.1594245600,11,A. rubi,5595c586,2020-07-08T22:00:00Z,2020-07-15T12:00:00Z
11.5595c586.1594850400,11,A. rubi,5595c586,2020-07-15T22:00:00Z,2020-07-22T12:00:00Z
11.5c173ff2.1593036000,11,A. rubi,5c173ff2,2020-06-24T22:00:00Z,2020-07-01T12:00:00Z
11.5c173ff2.1593640800,11,A. rubi,5c173ff2,2020-07-01T22:00:00Z,2020-07-08T12:00:00Z
11.5c173ff2.1594245600,11,A. rubi,5c173ff2,2020-07-08T22:00:00Z,2020-07-15T12:00:00Z
11.5c173ff2.1594850400,11,A. rubi,5c173ff2,2020-07-15T22:00:00Z,2020-07-22T12:00:00Z
11.d9699ed0.1593036000,11,A. rubi,d9699ed0,2020-06-24T22:00:00Z,2020-07-01T12:00:00Z
11.d9699ed0.1593640800,11,A. rubi,d9699ed0,2020-07-01T22:00:00Z,2020-07-08T12:00:00Z
11.d9699ed0.1594245600,11,A. rubi,d9699ed0,2020-07-08T22:00:00Z,2020-07-15T12:00:00Z
11.d9699ed0.1594850400,11,A. rubi,d9699ed0,2020-07-15T22:00:00Z,2020-07-22T12:00:00Z
11.f54ac578.1593036000,11,A. rubi,f54ac578,2020-06-24T22:00:00Z,2020-07-01T12:00:00Z
11.f54ac578.1593640800,11,A. rubi,f54ac578,2020-07-01T22:00:00Z,2020-07-08T12:00:00Z
11.f54ac578.1594245600,11,A. rubi,f54ac578,2020-07-08T22:00:00Z,2020-07-15T12:00:00Z
11.f54ac578.1594850400,11,A. rubi,f54ac578,2020-07-15T22:00:00Z,2020-07-22T12:00:00Z
11.f8d61a5c.1593036000,11,A. rubi,f8d61a5c,2020-06-24T22:00:00Z,2020-07-01T12:00:00Z
11.f8d61a5c.1593640800,11,A. rubi,f8d61a5c,2020-07-01T22:00:00Z,2020-07-08T12:00:00Z
11.f8d61a5c.1594245600,11,A. rubi,f8d61a5c,2020-07-08T22:00:00Z,2020-07-15T12:00:00Z
11.f8d61a5c.1594850400,11,A. rubi,f8d61a5c,2020-07-15T22:00:00Z,2020-07-22T12:00:00Z
12.08038ade.1593036000,12,P. vigintimaculata,08038ade,2020-06-24T22:00:00Z,2020-07-01T12:00:00Z
12.08038ade.1593640800,12,P. vigintimaculata,08038ade,2020-07-01T22:00:00Z,2020-07-08T12:00:00Z
12.08038ade.1594245600,12,P. vigintimaculata,08038ade,2020-07-08T22:00:00Z,2020-07-15T12:00:00Z
12.08038ade.1594850400,12,P. vigintimaculata,08038ade,2020-07-15T22:00:00Z,2020-07-22T12:00:00Z
12.0a5bb6f4.1593036000,12,P. vigintimaculata,0a5bb6f4,2020-06-24T22:00:00Z,2020-07-01T12:00:00Z
12.0a5bb6f4.1593640800,12,P. vigintimaculata,0a5bb6f4,2020-07-01T22:00:00Z,2020-07-08T12:00:00Z
12.0a5bb6f4.1594245600,12,P. vigintimaculata,0a5bb6f4,2020-07-08T22:00:00Z,2020-07-15T12:00:00Z
12.0a5bb6f4.1594850400,12,P. vigintimaculata,0a5bb6f4,2020-07-15T22:00:00Z,2020-07-22T12:00:00Z
12.15e612cd.1593036000,12,P. vigintimaculata,15e612cd,2020-06-24T22:00:00Z,2020-07-01T12:00:00Z
12.15e612cd.1593640800,12,P. vigintimaculata,15e612cd,2020-07-01T22:00:00Z,2020-07-08T12:00:00Z
12.15e612cd.1594245600,12,P. vigintimaculata,15e612cd,2020-07-08T22:00:00Z,2020-07-15T12:00:00Z
12.15e612cd.1594850400,12,P. vigintimaculata,15e612cd,2020-07-15T22:00:00Z,2020-07-22T12:00:00Z
12.1b74105a.1593036000,12,P. vigintimaculata,1b74105a,2020-06-24T22:00:00Z,2020-07-01T12:00:00Z
12.1b74105a.1593640800,12,P. vigintimaculata,1b74105a,2020-07-01T22:00:00Z,2020-07-08T12:00:00Z
12.1b74105a.1594245600,12,P. vigintimaculata,1b74105a,2020-07-08T22:00:00Z,2020-07-15T12:00:00Z
12.1b74105a.1594850400,12,P. vigintimaculata,1b74105a,2020-07-15T22:00:00Z,2020-07-22T12:00:00Z
12.398948ee.1593036000,12,P. vigintimaculata,398948ee,2020-06-24T22:00:00Z,2020-07-01T12:00:00Z
12.398948ee.1593640800,12,P. vigintimaculata,398948ee,2020-07-01T22:00:00Z,2020-07-08T12:00:00Z
12.398948ee.1594245600,12,P. vigintimaculata,398948ee,2020-07-08T22:00:00Z,2020-07-15T12:00:00Z
12.398948ee.1594850400,12,P. vigintimaculata,398948ee,2020-07-15T22:00:00Z,2020-07-22T12:00:00Z
12.5595c586.1593036000,12,P. vigintimaculata,5595c586,2020-06-24T22:00:00Z,2020-07-01T12:00:00Z
12.5595c586.1593640800,12,P. vigintimaculata,5595c586,2020-07-01T22:00:00Z,2020-07-08T12:00:00Z
12.5595c586.1594245600,12,P. vigintimaculata,5595c586,2020-07-08T22:00:00Z,2020-07-15T12:00:00Z
12.5595c586.1594850400,12,P. vigintimaculata,5595c586,2020-07-15T22:00:00Z,2020-07-22T12:00:00Z
12.5c173ff2.1593036000,12,P. vigintimaculata,5c173ff2,2020-06-24T22:00:00Z,2020-07-01T12:00:00Z
12.5c173ff2.1593640800,12,P. vigintimaculata,5c173ff2,2020-07-01T22:00:00Z,2020-07-08T12:00:00Z
12.5c173ff2.1594245600,12,P. vigintimaculata,5c173ff2,2020-07-08T22:00:00Z,2020-07-15T12:00:00Z
12.5c173ff2.1594850400,12,P. vigintimaculata,5c173ff2,2020-07-15T22:00:00Z,2020-07-22T12:00:00Z
12.d9699ed0.1593036000,12,P. vigintimaculata,d9699ed0,2020-06-24T22:00:00Z,2020-07-01T12:00:00Z
12.d9699ed0.1593640800,12,P. vigintimaculata,d9699ed0,2020-07-01T22:00:00Z,2020-07-08T12:00:00Z
12.d9699ed0.1594245600,12,P. vigintimaculata,d9699ed0,2020-07-08T22:00:00Z,2020-07-15T12:00:00Z
12.d9699ed0.1594850400,12,P. vigintimaculata,d9699ed0,2020-07-15T22:00:00Z,2020-07-22T12:00:00Z
12.f54ac578.1593036000,12,P. vigintimaculata,f54ac578,2020-06-24T22:00:00Z,2020-07-01T12:00:00Z
12.f54ac578.1593640800,12,P. vigintimaculata,f54ac578,2020-07-01T22:00:00Z,2020-07-08T12:00:00Z
12.f54ac578.1594245600,12,P. vigintimaculata,f54ac578,2020-07-08T22:00:00Z,2020-07-15T12:00:00Z
12.f54ac578.1594850400,12,P. vigintimaculata,f54ac578,2020-07-15T22:00:00Z,2020-07-22T12:00:00Z
12.f8d61a5c.1593036000,12,P. vigintimaculata,f8d61a5c,2020-06-24T22:00:00Z,2020-07-01T12:00:00Z
12.f8d61a5c.1593640800,12,P. vigintimaculata,f8d61a5c,2020-07-01T22:00:00Z,2020-07-08T12:00:00Z
12.f8d61a5c.1594245600,12,P. vigintimaculata,f8d61a5c,2020-07-08T22:00:00Z,2020-07-15T12:00:00Z
12.f8d61a5c.1594850400,12,P. vigintimaculata,f8d61a5c,2020-07-15T22:00:00Z,2020-07-22T12:00:00Z
13.08038ade.1593036000,13,Elateridae,08038ade,2020-06-24T22:00:00Z,2020-07-01T12:00:00Z
13.08038ade.1593640800,13,Elateridae,08038ade,2020-07-01T22:00:00Z,2020-07-08T12:00:00Z
13.08038ade.1594245600,13,Elateridae,08038ade,2020-07-08T22:00:00Z,2020-07-15T12:00:00Z
13.08038ade.1594850400,13,Elateridae,08038ade,2020-07-15T22:00:00Z,2020-07-22T12:00:00Z
13.0a5bb6f4.1593036000,13,Elateridae,0a5bb6f4,2020-06-24T22:00:00Z,2020-07-01T12:00:00Z
13.0a5bb6f4.1593640800,13,Elateridae,0a5bb6f4,2020-07-01T22:00:00Z,2020-07-08T12:00:00Z
13.0a5bb6f4.1594245600,13,Elateridae,0a5bb6f4,2020-07-08T22:00:00Z,2020-07-15T12:00:00Z
13.0a5bb6f4.1594850400,13,Elateridae,0a5bb6f4,2020-07-15T22:00:00Z,2020-07-22T12:00:00Z
13.15e612cd.1593036000,13,Elateridae,15e612cd,2020-06-24T22:00:00Z,2020-07-01T12:00:00Z
13.15e612cd.1593640800,13,Elateridae,15e612cd,2020-07-01T22:00:00Z,2020-07-08T12:00:00Z
13.15e612cd.1594245600,13,Elateridae,15e612cd,2020-07-08T22:00:00Z,2020-07-15T12:00:00Z
13.15e612cd.1594850400,13,Elateridae,15e612cd,2020-07-15T22:00:00Z,2020-07-22T12:00:00Z
13.1b74105a.1593036000,13,Elateridae,1b74105a,2020-06-24T22:00:00Z,2020-07-01T12:00:00Z
13.1b74105a.1593640800,13,Elateridae,1b74105a,2020-07-01T22:00:00Z,2020-07-08T12:00:00Z
13.1b74105a.1594245600,13,Elateridae,1b74105a,2020-07-08T22:00:00Z,2020-07-15T12:00:00Z
13.1b74105a.1594850400,13,Elateridae,1b74105a,2020-07-15T22:00:00Z,2020-07-22T12:00:00Z
13.398948ee.1593036000,13,Elateridae,398948ee,2020-06-24T22:00:00Z,2020-07-01T12:00:00Z
13.398948ee.1593640800,13,Elateridae,398948ee,2020-07-01T22:00:00Z,2020-07-08T12:00:00Z
13.398948ee.1594245600,13,Elateridae,398948ee,2020-07-08T22:00:00Z,2020-07-15T12:00:00Z
13.398948ee.1594850400,13,Elateridae,398948ee,2020-07-15T22:00:00Z,2020-07-22T12:00:00Z
13.5595c586.1593036000,13,Elateridae,5595c586,2020-06-24T22:00:00Z,2020-07-01T12:00:00Z
13.5595c586.1593640800,13,Elateridae,5595c586,2020-07-01T22:00:00Z,2020-07-08T12:00:00Z
13.5595c586.1594245600,13,Elateridae,5595c586,2020-07-08T22:00:00Z,2020-07-15T12:00:00Z
13.5595c586.1594850400,13,Elateridae,5595c586,2020-07-15T22:00:00Z,2020-07-22T12:00:00Z
13.5c173ff2.1593036000,13,Elateridae,5c173ff2,2020-06-24T22:00:00Z,2020-07-01T12:00:00Z
13.5c173ff2.1593640800,13,Elateridae,5c173ff2,2020-07-01T22:00:00Z,2020-07-08T12:00:00Z
13.5c173ff2.1594245600,13,Elateridae,5c173ff2,2020-07-08T22:00:00Z,2020-07-15T12:00:00Z
13.5c173ff2.1594850400,13,Elateridae,5c173ff2,2020-07-15T22:00:00Z,2020-07-22T12:00:00Z
13.d9699ed0.1593036000,13,Elateridae,d9699ed0,2020-06-24T22:00:00Z,2020-07-01T12:00:00Z
13.d9699ed0.1593640800,13,Elateridae,d9699ed0,2020-07-01T22:00:00Z,2020-07-08T12:00:00Z
13.d9699ed0.1594245600,13,Elateridae,d9699ed0,2020-07-08T22:00:00Z,2020-07-15T12:00:00Z
13.d9699ed0.1594850400,13,Elateridae,d9699ed0,2020-07-15T22:00:00Z,2020-07-22T12:00:00Z
13.f54ac578.1593036000,13,Elateridae,f54ac578,2020-06-24T22:00:00Z,2020-07-01T12:00:00Z
13.f54ac578.1593640800,13,Elateridae,f54ac578,2020-07-01T22:00:00Z,2020-07-08T12:00:00Z
13.f54ac578.1594245600,13,Elateridae,f54ac578,2020-07-08T22:00:00Z,2020-07-15T12:00:00Z
13.f54ac578.1594850400,13,Elateridae,f54ac578,2020-07-15T22:00:00Z,2020-07-22T12:00:00Z
13.f8d61a5c.1593036000,13,Elateridae,f8d61a5c,2020-06-24T22:00:00Z,2020-07-01T12:00:00Z
13.f8d61a5c.1593640800,13,Elateridae,f8d61a5c,2020-07-01T22:00:00Z,2020-07-08T12:00:00Z
13.f8d61a5c.1594245600,13,Elateridae,f8d61a5c,2020-07-08T22:00:00Z,2020-07-15T12:00:00Z
13.f8d61a5c.1594850400,13,Elateridae,f8d61a5c,2020-07-15T22:00:00Z,2020-07-22T12:00:00Z
14.08038ade.1593036000,14,Other Coleoptera,08038ade,2020-06-24T22:00:00Z,2020-07-01T12:00:00Z
14.08038ade.1593640800,14,Other Coleoptera,08038ade,2020-07-01T22:00:00Z,2020-07-08T12:00:00Z
14.08038ade.1594245600,14,Other Coleoptera,08038ade,2020-07-08T22:00:00Z,2020-07-15T12:00:00Z
14.08038ade.1594850400,14,Other Coleoptera,08038ade,2020-07-15T22:00:00Z,2020-07-22T12:00:00Z
14.0a5bb6f4.1593036000,14,Other Coleoptera,0a5bb6f4,2020-06-24T22:00:00Z,2020-07-01T12:00:00Z
14.0a5bb6f4.1593640800,14,Other Coleoptera,0a5bb6f4,2020-07-01T22:00:00Z,2020-07-08T12:00:00Z
14.0a5bb6f4.1594245600,14,Other Coleoptera,0a5bb6f4,2020-07-08T22:00:00Z,2020-07-15T12:00:00Z
14.0a5bb6f4.1594850400,14,Other Coleoptera,0a5bb6f4,2020-07-15T22:00:00Z,2020-07-22T12:00:00Z
14.15e612cd.1593036000,14,Other Coleoptera,15e612cd,2020-06-24T22:00:00Z,2020-07-01T12:00:00Z
14.15e612cd.1593640800,14,Other Coleoptera,15e612cd,2020-07-01T22:00:00Z,2020-07-08T12:00:00Z
14.15e612cd.1594245600,14,Other Coleoptera,15e612cd,2020-07-08T22:00:00Z,2020-07-15T12:00:00Z
14.15e612cd.1594850400,14,Other Coleoptera,15e612cd,2020-07-15T22:00:00Z,2020-07-22T12:00:00Z
14.1b74105a.1593036000,14,Other Coleoptera,1b74105a,2020-06-24T22:00:00Z,2020-07-01T12:00:00Z
14.1b74105a.1593640800,14,Other Coleoptera,1b74105a,2020-07-01T22:00:00Z,2020-07-08T12:00:00Z
14.1b74105a.1594245600,14,Other Coleoptera,1b74105a,2020-07-08T22:00:00Z,2020-07-15T12:00:00Z
14.1b74105a.1594850400,14,Other Coleoptera,1b74105a,2020-07-15T22:00:00Z,2020-07-22T12:00:00Z
14.398948ee.1593036000,14,Other Coleoptera,398948ee,2020-06-24T22:00:00Z,2020-07-01T12:00:00Z
14.398948ee.1593640800,14,Other Coleoptera,398948ee,2020-07-01T22:00:00Z,2020-07-08T12:00:00Z
14.398948ee.1594245600,14,Other Coleoptera,398948ee,2020-07-08T22:00:00Z,2020-07-15T12:00:00Z
14.398948ee.1594850400,14,Other Coleoptera,398948ee,2020-07-15T22:00:00Z,2020-07-22T12:00:00Z
14.5595c586.1593036000,14,Other Coleoptera,5595c586,2020-06-24T22:00:00Z,2020-07-01T12:00:00Z
14.5595c586.1593640800,14,Other Coleoptera,5595c586,2020-07-01T22:00:00Z,2020-07-08T12:00:00Z
14.5595c586.1594245600,14,Other Coleoptera,5595c586,2020-07-08T22:00:00Z,2020-07-15T12:00:00Z
14.5595c586.1594850400,14,Other Coleoptera,5595c586,2020-07-15T22:00:00Z,2020-07-22T12:00:00Z
14.5c173ff2.1593036000,14,Other Coleoptera,5c173ff2,2020-06-24T22:00:00Z,2020-07-01T12:00:00Z
14.5c173ff2.1593640800,14,Other Coleoptera,5c173ff2,2020-07-01T22:00:00Z,2020-07-08T12:00:00Z
14.5c173ff2.1594245600,14,Other Coleoptera,5c173ff2,2020-07-08T22:00:00Z,2020-07-15T12:00:00Z
14.5c173ff2.1594850400,14,Other Coleoptera,5c173ff2,2020-07-15T22:00:00Z,2020-07-22T12:00:00Z
14.d9699ed0.1593036000,14,Other Coleoptera,d9699ed0,2020-06-24T22:00:00Z,2020-07-01T12:00:00Z
14.d9699ed0.1593640800,14,Other Coleoptera,d9699ed0,2020-07-01T22:00:00Z,2020-07-08T12:00:00Z
14.d9699ed0.1594245600,14,Other Coleoptera,d9699ed0,2020-07-08T22:00:00Z,2020-07-15T12:00:00Z
14.d9699ed0.1594850400,14,Other Coleoptera,d9699ed0,2020-07-15T22:00:00Z,2020-07-22T12:00:00Z
14.f54ac578.1593036000,14,Other Coleoptera,f54ac578,2020-06-24T22:00:00Z,2020-07-01T12:00:00Z
14.f54ac578.1593640800,14,Other Coleoptera,f54ac578,2020-07-01T22:00:00Z,2020-07-08T12:00:00Z
14.f54ac578.1594245600,14,Other Coleoptera,f54ac578,2020-07-08T22:00:00Z,2020-07-15T12:00:00Z
14.f54ac578.1594850400,14,Other Coleoptera,f54ac578,2020-07-15T22:00:00Z,2020-07-22T12:00:00Z
14.f8d61a5c.1593036000,14,Other Coleoptera,f8d61a5c,2020-06-24T22:00:00Z,2020-07-01T12:00:00Z
14.f8d61a5c.1593640800,14,Other Coleoptera,f8d61a5c,2020-07-01T22:00:00Z,2020-07-08T12:00:00Z
14.f8d61a5c.1594245600,14,Other Coleoptera,f8d61a5c,2020-07-08T22:00:00Z,2020-07-15T12:00:00Z
14.f8d61a5c.1594850400,14,Other Coleoptera,f8d61a5c,2020-07-15T22:00:00Z,2020-07-22T12:00:00Z
15.08038ade.1593036000,15,Figitidae,08038ade,2020-06-24T22:00:00Z,2020-07-01T12:00:00Z
15.08038ade.1593640800,15,Figitidae,08038ade,2020-07-01T22:00:00Z,2020-07-08T12:00:00Z
15.08038ade.1594245600,15,Figitidae,08038ade,2020-07-08T22:00:00Z,2020-07-15T12:00:00Z
15.08038ade.1594850400,15,Figitidae,08038ade,2020-07-15T22:00:00Z,2020-07-22T12:00:00Z
15.0a5bb6f4.1593036000,15,Figitidae,0a5bb6f4,2020-06-24T22:00:00Z,2020-07-01T12:00:00Z
15.0a5bb6f4.1593640800,15,Figitidae,0a5bb6f4,2020-07-01T22:00:00Z,2020-07-08T12:00:00Z
15.0a5bb6f4.1594245600,15,Figitidae,0a5bb6f4,2020-07-08T22:00:00Z,2020-07-15T12:00:00Z
15.0a5bb6f4.1594850400,15,Figitidae,0a5bb6f4,2020-07-15T22:00:00Z,2020-07-22T12:00:00Z
15.15e612cd.1593036000,15,Figitidae,15e612cd,2020-06-24T22:00:00Z,2020-07-01T12:00:00Z
15.15e612cd.1593640800,15,Figitidae,15e612cd,2020-07-01T22:00:00Z,2020-07-08T12:00:00Z
15.15e612cd.1594245600,15,Figitidae,15e612cd,2020-07-08T22:00:00Z,2020-07-15T12:00:00Z
15.15e612cd.1594850400,15,Figitidae,15e612cd,2020-07-15T22:00:00Z,2020-07-22T12:00:00Z
15.1b74105a.1593036000,15,Figitidae,1b74105a,2020-06-24T22:00:00Z,2020-07-01T12:00:00Z
15.1b74105a.1593640800,15,Figitidae,1b74105a,2020-07-01T22:00:00Z,2020-07-08T12:00:00Z
15.1b74105a.1594245600,15,Figitidae,1b74105a,2020-07-08T22:00:00Z,2020-07-15T12:00:00Z
15.1b74105a.1594850400,15,Figitidae,1b74105a,2020-07-15T22:00:00Z,2020-07-22T12:00:00Z
15.398948ee.1593036000,15,Figitidae,398948ee,2020-06-24T22:00:00Z,2020-07-01T12:00:00Z
15.398948ee.1593640800,15,Figitidae,398948ee,2020-07-01T22:00:00Z,2020-07-08T12:00:00Z
15.398948ee.1594245600,15,Figitidae,398948ee,2020-07-08T22:00:00Z,2020-07-15T12:00:00Z
15.398948ee.1594850400,15,Figitidae,398948ee,2020-07-15T22:00:00Z,2020-07-22T12:00:00Z
15.5595c586.1593036000,15,Figitidae,5595c586,2020-06-24T22:00:00Z,2020-07-01T12:00:00Z
15.5595c586.1593640800,15,Figitidae,5595c586,2020-07-01T22:00:00Z,2020-07-08T12:00:00Z
15.5595c586.1594245600,15,Figitidae,5595c586,2020-07-08T22:00:00Z,2020-07-15T12:00:00Z
15.5595c586.1594850400,15,Figitidae,5595c586,2020-07-15T22:00:00Z,2020-07-22T12:00:00Z
15.5c173ff2.1593036000,15,Figitidae,5c173ff2,2020-06-24T22:00:00Z,2020-07-01T12:00:00Z
15.5c173ff2.1593640800,15,Figitidae,5c173ff2,2020-07-01T22:00:00Z,2020-07-08T12:00:00Z
15.5c173ff2.1594245600,15,Figitidae,5c173ff2,2020-07-08T22:00:00Z,2020-07-15T12:00:00Z
15.5c173ff2.1594850400,15,Figitidae,5c173ff2,2020-07-15T22:00:00Z,2020-07-22T12:00:00Z
15.d9699ed0.1593036000,15,Figitidae,d9699ed0,2020-06-24T22:00:00Z,2020-07-01T12:00:00Z
15.d9699ed0.1593640800,15,Figitidae,d9699ed0,2020-07-01T22:00:00Z,2020-07-08T12:00:00Z
15.d9699ed0.1594245600,15,Figitidae,d9699ed0,2020-07-08T22:00:00Z,2020-07-15T12:00:00Z
15.d9699ed0.1594850400,15,Figitidae,d9699ed0,2020-07-15T22:00:00Z,2020-07-22T12:00:00Z
15.f54ac578.1593036000,15,Figitidae,f54ac578,2020-06-24T22:00:00Z,2020-07-01T12:00:00Z
15.f54ac578.1593640800,15,Figitidae,f54ac578,2020-07-01T22:00:00Z,2020-07-08T12:00:00Z
15.f54ac578.1594245600,15,Figitidae,f54ac578,2020-07-08T22:00:00Z,2020-07-15T12:00:00Z
15.f54ac578.1594850400,15,Figitidae,f54ac578,2020-07-15T22:00:00Z,2020-07-22T12:00:00Z
15.f8d61a5c.1593036000,15,Figitidae,f8d61a5c,2020-06-24T22:00:00Z,2020-07-01T12:00:00Z
15.f8d61a5c.1593640800,15,Figitidae,f8d61a5c,2020-07-01T22:00:00Z,2020-07-08T12:00:00Z
15.f8d61a5c.1594245600,15,Figitidae,f8d61a5c,2020-07-08T22:00:00Z,2020-07-15T12:00:00Z
15.f8d61a5c.1594850400,15,Figitidae,f8d61a5c,2020-07-15T22:00:00Z,2020-07-22T12:00:00Z
16.08038ade.1593036000,16,L. laevissimum,08038ade,2020-06-24T22:00:00Z,2020-07-01T12:00:00Z
16.08038ade.1593640800,16,L. laevissimum,08038ade,2020-07-01T22:00:00Z,2020-07-08T12:00:00Z
16.08038ade.1594245600,16,L. laevissimum,08038ade,2020-07-08T22:00:00Z,2020-07-15T12:00:00Z
16.08038ade.1594850400,16,L. laevissimum,08038ade,2020-07-15T22:00:00Z,2020-07-22T12:00:00Z
16.0a5bb6f4.1593036000,16,L. laevissimum,0a5bb6f4,2020-06-24T22:00:00Z,2020-07-01T12:00:00Z
16.0a5bb6f4.1593640800,16,L. laevissimum,0a5bb6f4,2020-07-01T22:00:00Z,2020-07-08T12:00:00Z
16.0a5bb6f4.1594245600,16,L. laevissimum,0a5bb6f4,2020-07-08T22:00:00Z,2020-07-15T12:00:00Z
16.0a5bb6f4.1594850400,16,L. laevissimum,0a5bb6f4,2020-07-15T22:00:00Z,2020-07-22T12:00:00Z
16.15e612cd.1593036000,16,L. laevissimum,15e612cd,2020-06-24T22:00:00Z,2020-07-01T12:00:00Z
16.15e612cd.1593640800,16,L. laevissimum,15e612cd,2020-07-01T22:00:00Z,2020-07-08T12:00:00Z
16.15e612cd.1594245600,16,L. laevissimum,15e612cd,2020-07-08T22:00:00Z,2020-07-15T12:00:00Z
16.15e612cd.1594850400,16,L. laevissimum,15e612cd,2020-07-15T22:00:00Z,2020-07-22T12:00:00Z
16.1b74105a.1593036000,16,L. laevissimum,1b74105a,2020-06-24T22:00:00Z,2020-07-01T12:00:00Z
16.1b74105a.1593640800,16,L. laevissimum,1b74105a,2020-07-01T22:00:00Z,2020-07-08T12:00:00Z
16.1b74105a.1594245600,16,L. laevissimum,1b74105a,2020-07-08T22:00:00Z,2020-07-15T12:00:00Z
16.1b74105a.1594850400,16,L. laevissimum,1b74105a,2020-07-15T22:00:00Z,2020-07-22T12:00:00Z
16.398948ee.1593036000,16,L. laevissimum,398948ee,2020-06-24T22:00:00Z,2020-07-01T12:00:00Z
16.398948ee.1593640800,16,L. laevissimum,398948ee,2020-07-01T22:00:00Z,2020-07-08T12:00:00Z
16.398948ee.1594245600,16,L. laevissimum,398948ee,2020-07-08T22:00:00Z,2020-07-15T12:00:00Z
16.398948ee.1594850400,16,L. laevissimum,398948ee,2020-07-15T22:00:00Z,2020-07-22T12:00:00Z
16.5595c586.1593036000,16,L. laevissimum,5595c586,2020-06-24T22:00:00Z,2020-07-01T12:00:00Z
16.5595c586.1593640800,16,L. laevissimum,5595c586,2020-07-01T22:00:00Z,2020-07-08T12:00:00Z
16.5595c586.1594245600,16,L. laevissimum,5595c586,2020-07-08T22:00:00Z,2020-07-15T12:00:00Z
16.5595c586.1594850400,16,L. laevissimum,5595c586,2020-07-15T22:00:00Z,2020-07-22T12:00:00Z
16.5c173ff2.1593036000,16,L. laevissimum,5c173ff2,2020-06-24T22:00:00Z,2020-07-01T12:00:00Z
16.5c173ff2.1593640800,16,L. laevissimum,5c173ff2,2020-07-01T22:00:00Z,2020-07-08T12:00:00Z
16.5c173ff2.1594245600,16,L. laevissimum,5c173ff2,2020-07-08T22:00:00Z,2020-07-15T12:00:00Z
16.5c173ff2.1594850400,16,L. laevissimum,5c173ff2,2020-07-15T22:00:00Z,2020-07-22T12:00:00Z
16.d9699ed0.1593036000,16,L. laevissimum,d9699ed0,2020-06-24T22:00:00Z,2020-07-01T12:00:00Z
16.d9699ed0.1593640800,16,L. laevissimum,d9699ed0,2020-07-01T22:00:00Z,2020-07-08T12:00:00Z
16.d9699ed0.1594245600,16,L. laevissimum,d9699ed0,2020-07-08T22:00:00Z,2020-07-15T12:00:00Z
16.d9699ed0.1594850400,16,L. laevissimum,d9699ed0,2020-07-15T22:00:00Z,2020-07-22T12:00:00Z
16.f54ac578.1593036000,16,L. laevissimum,f54ac578,2020-06-24T22:00:00Z,2020-07-01T12:00:00Z
16.f54ac578.1593640800,16,L. laevissimum,f54ac578,2020-07-01T22:00:00Z,2020-07-08T12:00:00Z
16.f54ac578.1594245600,16,L. laevissimum,f54ac578,2020-07-08T22:00:00Z,2020-07-15T12:00:00Z
16.f54ac578.1594850400,16,L. laevissimum,f54ac578,2020-07-15T22:00:00Z,2020-07-22T12:00:00Z
16.f8d61a5c.1593036000,16,L. laevissimum,f8d61a5c,2020-06-24T22:00:00Z,2020-07-01T12:00:00Z
16.f8d61a5c.1593640800,16,L. laevissimum,f8d61a5c,2020-07-01T22:00:00Z,2020-07-08T12:00:00Z
16.f8d61a5c.1594245600,16,L. laevissimum,f8d61a5c,2020-07-08T22:00:00Z,2020-07-15T12:00:00Z
16.f8d61a5c.1594850400,16,L. laevissimum,f8d61a5c,2020-07-15T22:00:00Z,2020-07-22T12:00:00Z
17.08038ade.1593036000,17,Lepidoptera,08038ade,2020-06-24T22:00:00Z,2020-07-01T12:00:00Z
17.08038ade.1593640800,17,Lepidoptera,08038ade,2020-07-01T22:00:00Z,2020-07-08T12:00:00Z
17.08038ade.1594245600,17,Lepidoptera,08038ade,2020-07-08T22:00:00Z,2020-07-15T12:00:00Z
17.08038ade.1594850400,17,Lepidoptera,08038ade,2020-07-15T22:00:00Z,2020-07-22T12:00:00Z
17.0a5bb6f4.1593036000,17,Lepidoptera,0a5bb6f4,2020-06-24T22:00:00Z,2020-07-01T12:00:00Z
17.0a5bb6f4.1593640800,17,Lepidoptera,0a5bb6f4,2020-07-01T22:00:00Z,2020-07-08T12:00:00Z
17.0a5bb6f4.1594245600,17,Lepidoptera,0a5bb6f4,2020-07-08T22:00:00Z,2020-07-15T12:00:00Z
17.0a5bb6f4.1594850400,17,Lepidoptera,0a5bb6f4,2020-07-15T22:00:00Z,2020-07-22T12:00:00Z
17.15e612cd.1593036000,17,Lepidoptera,15e612cd,2020-06-24T22:00:00Z,2020-07-01T12:00:00Z
17.15e612cd.1593640800,17,Lepidoptera,15e612cd,2020-07-01T22:00:00Z,2020-07-08T12:00:00Z
17.15e612cd.1594245600,17,Lepidoptera,15e612cd,2020-07-08T22:00:00Z,2020-07-15T12:00:00Z
17.15e612cd.1594850400,17,Lepidoptera,15e612cd,2020-07-15T22:00:00Z,2020-07-22T12:00:00Z
17.1b74105a.1593036000,17,Lepidoptera,1b74105a,2020-06-24T22:00:00Z,2020-07-01T12:00:00Z
17.1b74105a.1593640800,17,Lepidoptera,1b74105a,2020-07-01T22:00:00Z,2020-07-08T12:00:00Z
17.1b74105a.1594245600,17,Lepidoptera,1b74105a,2020-07-08T22:00:00Z,2020-07-15T12:00:00Z
17.1b74105a.1594850400,17,Lepidoptera,1b74105a,2020-07-15T22:00:00Z,2020-07-22T12:00:00Z
17.398948ee.1593036000,17,Lepidoptera,398948ee,2020-06-24T22:00:00Z,2020-07-01T12:00:00Z
17.398948ee.1593640800,17,Lepidoptera,398948ee,2020-07-01T22:00:00Z,2020-07-08T12:00:00Z
17.398948ee.1594245600,17,Lepidoptera,398948ee,2020-07-08T22:00:00Z,2020-07-15T12:00:00Z
17.398948ee.1594850400,17,Lepidoptera,398948ee,2020-07-15T22:00:00Z,2020-07-22T12:00:00Z
17.5595c586.1593036000,17,Lepidoptera,5595c586,2020-06-24T22:00:00Z,2020-07-01T12:00:00Z
17.5595c586.1593640800,17,Lepidoptera,5595c586,2020-07-01T22:00:00Z,2020-07-08T12:00:00Z
17.5595c586.1594245600,17,Lepidoptera,5595c586,2020-07-08T22:00:00Z,2020-07-15T12:00:00Z
17.5595c586.1594850400,17,Lepidoptera,5595c586,2020-07-15T22:00:00Z,2020-07-22T12:00:00Z
17.5c173ff2.1593036000,17,Lepidoptera,5c173ff2,2020-06-24T22:00:00Z,2020-07-01T12:00:00Z
17.5c173ff2.1593640800,17,Lepidoptera,5c173ff2,2020-07-01T22:00:00Z,2020-07-08T12:00:00Z
17.5c173ff2.1594245600,17,Lepidoptera,5c173ff2,2020-07-08T22:00:00Z,2020-07-15T12:00:00Z
17.5c173ff2.1594850400,17,Lepidoptera,5c173ff2,2020-07-15T22:00:00Z,2020-07-22T12:00:00Z
17.d9699ed0.1593036000,17,Lepidoptera,d9699ed0,2020-06-24T22:00:00Z,2020-07-01T12:00:00Z
17.d9699ed0.1593640800,17,Lepidoptera,d9699ed0,2020-07-01T22:00:00Z,2020-07-08T12:00:00Z
17.d9699ed0.1594245600,17,Lepidoptera,d9699ed0,2020-07-08T22:00:00Z,2020-07-15T12:00:00Z
17.d9699ed0.1594850400,17,Lepidoptera,d9699ed0,2020-07-15T22:00:00Z,2020-07-22T12:00:00Z
17.f54ac578.1593036000,17,Lepidoptera,f54ac578,2020-06-24T22:00:00Z,2020-07-01T12:00:00Z
17.f54ac578.1593640800,17,Lepidoptera,f54ac578,2020-07-01T22:00:00Z,2020-07-08T12:00:00Z
17.f54ac578.1594245600,17,Lepidoptera,f54ac578,2020-07-08T22:00:00Z,2020-07-15T12:00:00Z
17.f54ac578.1594850400,17,Lepidoptera,f54ac578,2020-07-15T22:00:00Z,2020-07-22T12:00:00Z
17.f8d61a5c.1593036000,17,Lepidoptera,f8d61a5c,2020-06-24T22:00:00Z,2020-07-01T12:00:00Z
17.f8d61a5c.1593640800,17,Lepidoptera,f8d61a5c,2020-07-01T22:00:00Z,2020-07-08T12:00:00Z
17.f8d61a5c.1594245600,17,Lepidoptera,f8d61a5c,2020-07-08T22:00:00Z,2020-07-15T12:00:00Z
17.f8d61a5c.1594850400,17,Lepidoptera,f8d61a5c,2020-07-15T22:00:00Z,2020-07-22T12:00:00Z
2.08038ade.1593036000,2,Typhlocybinae,08038ade,2020-06-24T22:00:00Z,2020-07-01T12:00:00Z
2.08038ade.1593640800,2,Typhlocybinae,08038ade,2020-07-01T22:00:00Z,2020-07-08T12:00:00Z
2.08038ade.1594245600,2,Typhlocybinae,08038ade,2020-07-08T22:00:00Z,2020-07-15T12:00:00Z
2.08038ade.1594850400,2,Typhlocybinae,08038ade,2020-07-15T22:00:00Z,2020-07-22T12:00:00Z
2.0a5bb6f4.1593036000,2,Typhlocybinae,0a5bb6f4,2020-06-24T22:00:00Z,2020-07-01T12:00:00Z
2.0a5bb6f4.1593640800,2,Typhlocybinae,0a5bb6f4,2020-07-01T22:00:00Z,2020-07-08T12:00:00Z
2.0a5bb6f4.1594245600,2,Typhlocybinae,0a5bb6f4,2020-07-08T22:00:00Z,2020-07-15T12:00:00Z
2.0a5bb6f4.1594850400,2,Typhlocybinae,0a5bb6f4,2020-07-15T22:00:00Z,2020-07-22T12:00:00Z
2.15e612cd.1593036000,2,Typhlocybinae,15e612cd,2020-06-24T22:00:00Z,2020-07-01T12:00:00Z
2.15e612cd.1593640800,2,Typhlocybinae,15e612cd,2020-07-01T22:00:00Z,2020-07-08T12:00:00Z
2.15e612cd.1594245600,2,Typhlocybinae,15e612cd,2020-07-08T22:00:00Z,2020-07-15T12:00:00Z
2.15e612cd.1594850400,2,Typhlocybinae,15e612cd,2020-07-15T22:00:00Z,2020-07-22T12:00:00Z
2.1b74105a.1593036000,2,Typhlocybinae,1b74105a,2020-06-24T22:00:00Z,2020-07-01T12:00:00Z
2.1b74105a.1593640800,2,Typhlocybinae,1b74105a,2020-07-01T22:00:00Z,2020-07-08T12:00:00Z
2.1b74105a.1594245600,2,Typhlocybinae,1b74105a,2020-07-08T22:00:00Z,2020-07-15T12:00:00Z
2.1b74105a.1594850400,2,Typhlocybinae,1b74105a,2020-07-15T22:00:00Z,2020-07-22T12:00:00Z
2.398948ee.1593036000,2,Typhlocybinae,398948ee,2020-06-24T22:00:00Z,2020-07-01T12:00:00Z
2.398948ee.1593640800,2,Typhlocybinae,398948ee,2020-07-01T22:00:00Z,2020-07-08T12:00:00Z
2.398948ee.1594245600,2,Typhlocybinae,398948ee,2020-07-08T22:00:00Z,2020-07-15T12:00:00Z
2.398948ee.1594850400,2,Typhlocybinae,398948ee,2020-07-15T22:00:00Z,2020-07-22T12:00:00Z
2.5595c586.1593036000,2,Typhlocybinae,5595c586,2020-06-24T22:00:00Z,2020-07-01T12:00:00Z
2.5595c586.1593640800,2,Typhlocybinae,5595c586,2020-07-01T22:00:00Z,2020-07-08T12:00:00Z
2.5595c586.1594245600,2,Typhlocybinae,5595c586,2020-07-08T22:00:00Z,2020-07-15T12:00:00Z
2.5595c586.1594850400,2,Typhlocybinae,5595c586,2020-07-15T22:00:00Z,2020-07-22T12:00:00Z
2.5c173ff2.1593036000,2,Typhlocybinae,5c173ff2,2020-06-24T22:00:00Z,2020-07-01T12:00:00Z
2.5c173ff2.1593640800,2,Typhlocybinae,5c173ff2,2020-07-01T22:00:00Z,2020-07-08T12:00:00Z
2.5c173ff2.1594245600,2,Typhlocybinae,5c173ff2,2020-07-08T22:00:00Z,2020-07-15T12:00:00Z
2.5c173ff2.1594850400,2,Typhlocybinae,5c173ff2,2020-07-15T22:00:00Z,2020-07-22T12:00:00Z
2.d9699ed0.1593036000,2,Typhlocybinae,d9699ed0,2020-06-24T22:00:00Z,2020-07-01T12:00:00Z
2.d9699ed0.1593640800,2,Typhlocybinae,d9699ed0,2020-07-01T22:00:00Z,2020-07-08T12:00:00Z
2.d9699ed0.1594245600,2,Typhlocybinae,d9699ed0,2020-07-08T22:00:00Z,2020-07-15T12:00:00Z
2.d9699ed0.1594850400,2,Typhlocybinae,d9699ed0,2020-07-15T22:00:00Z,2020-07-22T12:00:00Z
2.f54ac578.1593036000,2,Typhlocybinae,f54ac578,2020-06-24T22:00:00Z,2020-07-01T12:00:00Z
2.f54ac578.1593640800,2,Typhlocybinae,f54ac578,2020-07-01T22:00:00Z,2020-07-08T12:00:00Z
2.f54ac578.1594245600,2,Typhlocybinae,f54ac578,2020-07-08T22:00:00Z,2020-07-15T12:00:00Z
2.f54ac578.1594850400,2,Typhlocybinae,f54ac578,2020-07-15T22:00:00Z,2020-07-22T12:00:00Z
2.f8d61a5c.1593036000,2,Typhlocybinae,f8d61a5c,2020-06-24T22:00:00Z,2020-07-01T12:00:00Z
2.f8d61a5c.1593640800,2,Typhlocybinae,f8d61a5c,2020-07-01T22:00:00Z,2020-07-08T12:00:00Z
2.f8d61a5c.1594245600,2,Typhlocybinae,f8d61a5c,2020-07-08T22:00:00Z,2020-07-15T12:00:00Z
2.f8d61a5c.1594850400,2,Typhlocybinae,f8d61a5c,2020-07-15T22:00:00Z,2020-07-22T12:00:00Z
3.08038ade.1593036000,3,M. fuscula,08038ade,2020-06-24T22:00:00Z,2020-07-01T12:00:00Z
3.08038ade.1593640800,3,M. fuscula,08038ade,2020-07-01T22:00:00Z,2020-07-08T12:00:00Z
3.08038ade.1594245600,3,M. fuscula,08038ade,2020-07-08T22:00:00Z,2020-07-15T12:00:00Z
3.08038ade.1594850400,3,M. fuscula,08038ade,2020-07-15T22:00:00Z,2020-07-22T12:00:00Z
3.0a5bb6f4.1593036000,3,M. fuscula,0a5bb6f4,2020-06-24T22:00:00Z,2020-07-01T12:00:00Z
3.0a5bb6f4.1593640800,3,M. fuscula,0a5bb6f4,2020-07-01T22:00:00Z,2020-07-08T12:00:00Z
3.0a5bb6f4.1594245600,3,M. fuscula,0a5bb6f4,2020-07-08T22:00:00Z,2020-07-15T12:00:00Z
3.0a5bb6f4.1594850400,3,M. fuscula,0a5bb6f4,2020-07-15T22:00:00Z,2020-07-22T12:00:00Z
3.15e612cd.1593036000,3,M. fuscula,15e612cd,2020-06-24T22:00:00Z,2020-07-01T12:00:00Z
3.15e612cd.1593640800,3,M. fuscula,15e612cd,2020-07-01T22:00:00Z,2020-07-08T12:00:00Z
3.15e612cd.1594245600,3,M. fuscula,15e612cd,2020-07-08T22:00:00Z,2020-07-15T12:00:00Z
3.15e612cd.1594850400,3,M. fuscula,15e612cd,2020-07-15T22:00:00Z,2020-07-22T12:00:00Z
3.1b74105a.1593036000,3,M. fuscula,1b74105a,2020-06-24T22:00:00Z,2020-07-01T12:00:00Z
3.1b74105a.1593640800,3,M. fuscula,1b74105a,2020-07-01T22:00:00Z,2020-07-08T12:00:00Z
3.1b74105a.1594245600,3,M. fuscula,1b74105a,2020-07-08T22:00:00Z,2020-07-15T12:00:00Z
3.1b74105a.1594850400,3,M. fuscula,1b74105a,2020-07-15T22:00:00Z,2020-07-22T12:00:00Z
3.398948ee.1593036000,3,M. fuscula,398948ee,2020-06-24T22:00:00Z,2020-07-01T12:00:00Z
3.398948ee.1593640800,3,M. fuscula,398948ee,2020-07-01T22:00:00Z,2020-07-08T12:00:00Z
3.398948ee.1594245600,3,M. fuscula,398948ee,2020-07-08T22:00:00Z,2020-07-15T12:00:00Z
3.398948ee.1594850400,3,M. fuscula,398948ee,2020-07-15T22:00:00Z,2020-07-22T12:00:00Z
3.5595c586.1593036000,3,M. fuscula,5595c586,2020-06-24T22:00:00Z,2020-07-01T12:00:00Z
3.5595c586.1593640800,3,M. fuscula,5595c586,2020-07-01T22:00:00Z,2020-07-08T12:00:00Z
3.5595c586.1594245600,3,M. fuscula,5595c586,2020-07-08T22:00:00Z,2020-07-15T12:00:00Z
3.5595c586.1594850400,3,M. fuscula,5595c586,2020-07-15T22:00:00Z,2020-07-22T12:00:00Z
3.5c173ff2.1593036000,3,M. fuscula,5c173ff2,2020-06-24T22:00:00Z,2020-07-01T12:00:00Z
3.5c173ff2.1593640800,3,M. fuscula,5c173ff2,2020-07-01T22:00:00Z,2020-07-08T12:00:00Z
3.5c173ff2.1594245600,3,M. fuscula,5c173ff2,2020-07-08T22:00:00Z,2020-07-15T12:00:00Z
3.5c173ff2.1594850400,3,M. fuscula,5c173ff2,2020-07-15T22:00:00Z,2020-07-22T12:00:00Z
3.d9699ed0.1593036000,3,M. fuscula,d9699ed0,2020-06-24T22:00:00Z,2020-07-01T12:00:00Z
3.d9699ed0.1593640800,3,M. fuscula,d9699ed0,2020-07-01T22:00:00Z,2020-07-08T12:00:00Z
3.d9699ed0.1594245600,3,M. fuscula,d9699ed0,2020-07-08T22:00:00Z,2020-07-15T12:00:00Z
3.d9699ed0.1594850400,3,M. fuscula,d9699ed0,2020-07-15T22:00:00Z,2020-07-22T12:00:00Z
3.f54ac578.1593036000,3,M. fuscula,f54ac578,2020-06-24T22:00:00Z,2020-07-01T12:00:00Z
3.f54ac578.1593640800,3,M. fuscula,f54ac578,2020-07-01T22:00:00Z,2020-07-08T12:00:00Z
3.f54ac578.1594245600,3,M. fuscula,f54ac578,2020-07-08T22:00:00Z,2020-07-15T12:00:00Z
3.f54ac578.1594850400,3,M. fuscula,f54ac578,2020-07-15T22:00:00Z,2020-07-22T12:00:00Z
3.f8d61a5c.1593036000,3,M. fuscula,f8d61a5c,2020-06-24T22:00:00Z,2020-07-01T12:00:00Z
3.f8d61a5c.1593640800,3,M. fuscula,f8d61a5c,2020-07-01T22:00:00Z,2020-07-08T12:00:00Z
3.f8d61a5c.1594245600,3,M. fuscula,f8d61a5c,2020-07-08T22:00:00Z,2020-07-15T12:00:00Z
3.f8d61a5c.1594850400,3,M. fuscula,f8d61a5c,2020-07-15T22:00:00Z,2020-07-22T12:00:00Z
4.08038ade.1593036000,4,Drosophila suzukii male,08038ade,2020-06-24T22:00:00Z,2020-07-01T12:00:00Z
4.08038ade.1593640800,4,Drosophila suzukii male,08038ade,2020-07-01T22:00:00Z,2020-07-08T12:00:00Z
4.08038ade.1594245600,4,Drosophila suzukii male,08038ade,2020-07-08T22:00:00Z,2020-07-15T12:00:00Z
4.08038ade.1594850400,4,Drosophila suzukii male,08038ade,2020-07-15T22:00:00Z,2020-07-22T12:00:00Z
4.0a5bb6f4.1593036000,4,Drosophila suzukii male,0a5bb6f4,2020-06-24T22:00:00Z,2020-07-01T12:00:00Z
4.0a5bb6f4.1593640800,4,Drosophila suzukii male,0a5bb6f4,2020-07-01T22:00:00Z,2020-07-08T12:00:00Z
4.0a5bb6f4.1594245600,4,Drosophila suzukii male,0a5bb6f4,2020-07-08T22:00:00Z,2020-07-15T12:00:00Z
4.0a5bb6f4.1594850400,4,Drosophila suzukii male,0a5bb6f4,2020-07-15T22:00:00Z,2020-07-22T12:00:00Z
4.15e612cd.1593036000,4,Drosophila suzukii male,15e612cd,2020-06-24T22:00:00Z,2020-07-01T12:00:00Z
4.15e612cd.1593640800,4,Drosophila suzukii male,15e612cd,2020-07-01T22:00:00Z,2020-07-08T12:00:00Z
4.15e612cd.1594245600,4,Drosophila suzukii male,15e612cd,2020-07-08T22:00:00Z,2020-07-15T12:00:00Z
4.15e612cd.1594850400,4,Drosophila suzukii male,15e612cd,2020-07-15T22:00:00Z,2020-07-22T12:00:00Z
4.1b74105a.1593036000,4,Drosophila suzukii male,1b74105a,2020-06-24T22:00:00Z,2020-07-01T12:00:00Z
4.1b74105a.1593640800,4,Drosophila suzukii male,1b74105a,2020-07-01T22:00:00Z,2020-07-08T12:00:00Z
4.1b74105a.1594245600,4,Drosophila suzukii male,1b74105a,2020-07-08T22:00:00Z,2020-07-15T12:00:00Z
4.1b74105a.1594850400,4,Drosophila suzukii male,1b74105a,2020-07-15T22:00:00Z,2020-07-22T12:00:00Z
4.398948ee.1593036000,4,Drosophila suzukii male,398948ee,2020-06-24T22:00:00Z,2020-07-01T12:00:00Z
4.398948ee.1593640800,4,Drosophila suzukii male,398948ee,2020-07-01T22:00:00Z,2020-07-08T12:00:00Z
4.398948ee.1594245600,4,Drosophila suzukii male,398948ee,2020-07-08T22:00:00Z,2020-07-15T12:00:00Z
4.398948ee.1594850400,4,Drosophila suzukii male,398948ee,2020-07-15T22:00:00Z,2020-07-22T12:00:00Z
4.5595c586.1593036000,4,Drosophila suzukii male,5595c586,2020-06-24T22:00:00Z,2020-07-01T12:00:00Z
4.5595c586.1593640800,4,Drosophila suzukii male,5595c586,2020-07-01T22:00:00Z,2020-07-08T12:00:00Z
4.5595c586.1594245600,4,Drosophila suzukii male,5595c586,2020-07-08T22:00:00Z,2020-07-15T12:00:00Z
4.5595c586.1594850400,4,Drosophila suzukii male,5595c586,2020-07-15T22:00:00Z,2020-07-22T12:00:00Z
4.5c173ff2.1593036000,4,Drosophila suzukii male,5c173ff2,2020-06-24T22:00:00Z,2020-07-01T12:00:00Z
4.5c173ff2.1593640800,4,Drosophila suzukii male,5c173ff2,2020-07-01T22:00:00Z,2020-07-08T12:00:00Z
4.5c173ff2.1594245600,4,Drosophila suzukii male,5c173ff2,2020-07-08T22:00:00Z,2020-07-15T12:00:00Z
4.5c173ff2.1594850400,4,Drosophila suzukii male,5c173ff2,2020-07-15T22:00:00Z,2020-07-22T12:00:00Z
4.d9699ed0.1593036000,4,Drosophila suzukii male,d9699ed0,2020-06-24T22:00:00Z,2020-07-01T12:00:00Z
4.d9699ed0.1593640800,4,Drosophila suzukii male,d9699ed0,2020-07-01T22:00:00Z,2020-07-08T12:00:00Z
4.d9699ed0.1594245600,4,Drosophila suzukii male,d9699ed0,2020-07-08T22:00:00Z,2020-07-15T12:00:00Z
4.d9699ed0.1594850400,4,Drosophila suzukii male,d9699ed0,2020-07-15T22:00:00Z,2020-07-22T12:00:00Z
4.f54ac578.1593036000,4,Drosophila suzukii male,f54ac578,2020-06-24T22:00:00Z,2020-07-01T12:00:00Z
4.f54ac578.1593640800,4,Drosophila suzukii male,f54ac578,2020-07-01T22:00:00Z,2020-07-08T12:00:00Z
4.f54ac578.1594245600,4,Drosophila suzukii male,f54ac578,2020-07-08T22:00:00Z,2020-07-15T12:00:00Z
4.f54ac578.1594850400,4,Drosophila suzukii male,f54ac578,2020-07-15T22:00:00Z,2020-07-22T12:00:00Z
4.f8d61a5c.1593036000,4,Drosophila suzukii male,f8d61a5c,2020-06-24T22:00:00Z,2020-07-01T12:00:00Z
4.f8d61a5c.1593640800,4,Drosophila suzukii male,f8d61a5c,2020-07-01T22:00:00Z,2020-07-08T12:00:00Z
4.f8d61a5c.1594245600,4,Drosophila suzukii male,f8d61a5c,2020-07-08T22:00:00Z,2020-07-15T12:00:00Z
4.f8d61a5c.1594850400,4,Drosophila suzukii male,f8d61a5c,2020-07-15T22:00:00Z,2020-07-22T12:00:00Z
5.08038ade.1593036000,5,Other Drosophilidae,08038ade,2020-06-24T22:00:00Z,2020-07-01T12:00:00Z
5.08038ade.1593640800,5,Other Drosophilidae,08038ade,2020-07-01T22:00:00Z,2020-07-08T12:00:00Z
5.08038ade.1594245600,5,Other Drosophilidae,08038ade,2020-07-08T22:00:00Z,2020-07-15T12:00:00Z
5.08038ade.1594850400,5,Other Drosophilidae,08038ade,2020-07-15T22:00:00Z,2020-07-22T12:00:00Z
5.0a5bb6f4.1593036000,5,Other Drosophilidae,0a5bb6f4,2020-06-24T22:00:00Z,2020-07-01T12:00:00Z
5.0a5bb6f4.1593640800,5,Other Drosophilidae,0a5bb6f4,2020-07-01T22:00:00Z,2020-07-08T12:00:00Z
5.0a5bb6f4.1594245600,5,Other Drosophilidae,0a5bb6f4,2020-07-08T22:00:00Z,2020-07-15T12:00:00Z
5.0a5bb6f4.1594850400,5,Other Drosophilidae,0a5bb6f4,2020-07-15T22:00:00Z,2020-07-22T12:00:00Z
5.15e612cd.1593036000,5,Other Drosophilidae,15e612cd,2020-06-24T22:00:00Z,2020-07-01T12:00:00Z
5.15e612cd.1593640800,5,Other Drosophilidae,15e612cd,2020-07-01T22:00:00Z,2020-07-08T12:00:00Z
5.15e612cd.1594245600,5,Other Drosophilidae,15e612cd,2020-07-08T22:00:00Z,2020-07-15T12:00:00Z
5.15e612cd.1594850400,5,Other Drosophilidae,15e612cd,2020-07-15T22:00:00Z,2020-07-22T12:00:00Z
5.1b74105a.1593036000,5,Other Drosophilidae,1b74105a,2020-06-24T22:00:00Z,2020-07-01T12:00:00Z
5.1b74105a.1593640800,5,Other Drosophilidae,1b74105a,2020-07-01T22:00:00Z,2020-07-08T12:00:00Z
5.1b74105a.1594245600,5,Other Drosophilidae,1b74105a,2020-07-08T22:00:00Z,2020-07-15T12:00:00Z
5.1b74105a.1594850400,5,Other Drosophilidae,1b74105a,2020-07-15T22:00:00Z,2020-07-22T12:00:00Z
5.398948ee.1593036000,5,Other Drosophilidae,398948ee,2020-06-24T22:00:00Z,2020-07-01T12:00:00Z
5.398948ee.1593640800,5,Other Drosophilidae,398948ee,2020-07-01T22:00:00Z,2020-07-08T12:00:00Z
5.398948ee.1594245600,5,Other Drosophilidae,398948ee,2020-07-08T22:00:00Z,2020-07-15T12:00:00Z
5.398948ee.1594850400,5,Other Drosophilidae,398948ee,2020-07-15T22:00:00Z,2020-07-22T12:00:00Z
5.5595c586.1593036000,5,Other Drosophilidae,5595c586,2020-06-24T22:00:00Z,2020-07-01T12:00:00Z
5.5595c586.1593640800,5,Other Drosophilidae,5595c586,2020-07-01T22:00:00Z,2020-07-08T12:00:00Z
5.5595c586.1594245600,5,Other Drosophilidae,5595c586,2020-07-08T22:00:00Z,2020-07-15T12:00:00Z
5.5595c586.1594850400,5,Other Drosophilidae,5595c586,2020-07-15T22:00:00Z,2020-07-22T12:00:00Z
5.5c173ff2.1593036000,5,Other Drosophilidae,5c173ff2,2020-06-24T22:00:00Z,2020-07-01T12:00:00Z
5.5c173ff2.1593640800,5,Other Drosophilidae,5c173ff2,2020-07-01T22:00:00Z,2020-07-08T12:00:00Z
5.5c173ff2.1594245600,5,Other Drosophilidae,5c173ff2,2020-07-08T22:00:00Z,2020-07-15T12:00:00Z
5.5c173ff2.1594850400,5,Other Drosophilidae,5c173ff2,2020-07-15T22:00:00Z,2020-07-22T12:00:00Z
5.d9699ed0.1593036000,5,Other Drosophilidae,d9699ed0,2020-06-24T22:00:00Z,2020-07-01T12:00:00Z
5.d9699ed0.1593640800,5,Other Drosophilidae,d9699ed0,2020-07-01T22:00:00Z,2020-07-08T12:00:00Z
5.d9699ed0.1594245600,5,Other Drosophilidae,d9699ed0,2020-07-08T22:00:00Z,2020-07-15T12:00:00Z
5.d9699ed0.1594850400,5,Other Drosophilidae,d9699ed0,2020-07-15T22:00:00Z,2020-07-22T12:00:00Z
5.f54ac578.1593036000,5,Other Drosophilidae,f54ac578,2020-06-24T22:00:00Z,2020-07-01T12:00:00Z
5.f54ac578.1593640800,5,Other Drosophilidae,f54ac578,2020-07-01T22:00:00Z,2020-07-08T12:00:00Z
5.f54ac578.1594245600,5,Other Drosophilidae,f54ac578,2020-07-08T22:00:00Z,2020-07-15T12:00:00Z
5.f54ac578.1594850400,5,Other Drosophilidae,f54ac578,2020-07-15T22:00:00Z,2020-07-22T12:00:00Z
5.f8d61a5c.1593036000,5,Other Drosophilidae,f8d61a5c,2020-06-24T22:00:00Z,2020-07-01T12:00:00Z
5.f8d61a5c.1593640800,5,Other Drosophilidae,f8d61a5c,2020-07-01T22:00:00Z,2020-07-08T12:00:00Z
5.f8d61a5c.1594245600,5,Other Drosophilidae,f8d61a5c,2020-07-08T22:00:00Z,2020-07-15T12:00:00Z
5.f8d61a5c.1594850400,5,Other Drosophilidae,f8d61a5c,2020-07-15T22:00:00Z,2020-07-22T12:00:00Z
6.08038ade.1593036000,6,Psychodidae,08038ade,2020-06-24T22:00:00Z,2020-07-01T12:00:00Z
6.08038ade.1593640800,6,Psychodidae,08038ade,2020-07-01T22:00:00Z,2020-07-08T12:00:00Z
6.08038ade.1594245600,6,Psychodidae,08038ade,2020-07-08T22:00:00Z,2020-07-15T12:00:00Z
6.08038ade.1594850400,6,Psychodidae,08038ade,2020-07-15T22:00:00Z,2020-07-22T12:00:00Z
6.0a5bb6f4.1593036000,6,Psychodidae,0a5bb6f4,2020-06-24T22:00:00Z,2020-07-01T12:00:00Z
6.0a5bb6f4.1593640800,6,Psychodidae,0a5bb6f4,2020-07-01T22:00:00Z,2020-07-08T12:00:00Z
6.0a5bb6f4.1594245600,6,Psychodidae,0a5bb6f4,2020-07-08T22:00:00Z,2020-07-15T12:00:00Z
6.0a5bb6f4.1594850400,6,Psychodidae,0a5bb6f4,2020-07-15T22:00:00Z,2020-07-22T12:00:00Z
6.15e612cd.1593036000,6,Psychodidae,15e612cd,2020-06-24T22:00:00Z,2020-07-01T12:00:00Z
6.15e612cd.1593640800,6,Psychodidae,15e612cd,2020-07-01T22:00:00Z,2020-07-08T12:00:00Z
6.15e612cd.1594245600,6,Psychodidae,15e612cd,2020-07-08T22:00:00Z,2020-07-15T12:00:00Z
6.15e612cd.1594850400,6,Psychodidae,15e612cd,2020-07-15T22:00:00Z,2020-07-22T12:00:00Z
6.1b74105a.1593036000,6,Psychodidae,1b74105a,2020-06-24T22:00:00Z,2020-07-01T12:00:00Z
6.1b74105a.1593640800,6,Psychodidae,1b74105a,2020-07-01T22:00:00Z,2020-07-08T12:00:00Z
6.1b74105a.1594245600,6,Psychodidae,1b74105a,2020-07-08T22:00:00Z,2020-07-15T12:00:00Z
6.1b74105a.1594850400,6,Psychodidae,1b74105a,2020-07-15T22:00:00Z,2020-07-22T12:00:00Z
6.398948ee.1593036000,6,Psychodidae,398948ee,2020-06-24T22:00:00Z,2020-07-01T12:00:00Z
6.398948ee.1593640800,6,Psychodidae,398948ee,2020-07-01T22:00:00Z,2020-07-08T12:00:00Z
6.398948ee.1594245600,6,Psychodidae,398948ee,2020-07-08T22:00:00Z,2020-07-15T12:00:00Z
6.398948ee.1594850400,6,Psychodidae,398948ee,2020-07-15T22:00:00Z,2020-07-22T12:00:00Z
6.5595c586.1593036000,6,Psychodidae,5595c586,2020-06-24T22:00:00Z,2020-07-01T12:00:00Z
6.5595c586.1593640800,6,Psychodidae,5595c586,2020-07-01T22:00:00Z,2020-07-08T12:00:00Z
6.5595c586.1594245600,6,Psychodidae,5595c586,2020-07-08T22:00:00Z,2020-07-15T12:00:00Z
6.5595c586.1594850400,6,Psychodidae,5595c586,2020-07-15T22:00:00Z,2020-07-22T12:00:00Z
6.5c173ff2.1593036000,6,Psychodidae,5c173ff2,2020-06-24T22:00:00Z,2020-07-01T12:00:00Z
6.5c173ff2.1593640800,6,Psychodidae,5c173ff2,2020-07-01T22:00:00Z,2020-07-08T12:00:00Z
6.5c173ff2.1594245600,6,Psychodidae,5c173ff2,2020-07-08T22:00:00Z,2020-07-15T12:00:00Z
6.5c173ff2.1594850400,6,Psychodidae,5c173ff2,2020-07-15T22:00:00Z,2020-07-22T12:00:00Z
6.d9699ed0.1593036000,6,Psychodidae,d9699ed0,2020-06-24T22:00:00Z,2020-07-01T12:00:00Z
6.d9699ed0.1593640800,6,Psychodidae,d9699ed0,2020-07-01T22:00:00Z,2020-07-08T12:00:00Z
6.d9699ed0.1594245600,6,Psychodidae,d9699ed0,2020-07-08T22:00:00Z,2020-07-15T12:00:00Z
6.d9699ed0.1594850400,6,Psychodidae,d9699ed0,2020-07-15T22:00:00Z,2020-07-22T12:00:00Z
6.f54ac578.1593036000,6,Psychodidae,f54ac578,2020-06-24T22:00:00Z,2020-07-01T12:00:00Z
6.f54ac578.1593640800,6,Psychodidae,f54ac578,2020-07-01T22:00:00Z,2020-07-08T12:00:00Z
6.f54ac578.1594245600,6,Psychodidae,f54ac578,2020-07-08T22:00:00Z,2020-07-15T12:00:00Z
6.f54ac578.1594850400,6,Psychodidae,f54ac578,2020-07-15T22:00:00Z,2020-07-22T12:00:00Z
6.f8d61a5c.1593036000,6,Psychodidae,f8d61a5c,2020-06-24T22:00:00Z,2020-07-01T12:00:00Z
6.f8d61a5c.1593640800,6,Psychodidae,f8d61a5c,2020-07-01T22:00:00Z,2020-07-08T12:00:00Z
6.f8d61a5c.1594245600,6,Psychodidae,f8d61a5c,2020-07-08T22:00:00Z,2020-07-15T12:00:00Z
6.f8d61a5c.1594850400,6,Psychodidae,f8d61a5c,2020-07-15T22:00:00Z,2020-07-22T12:00:00Z
7.08038ade.1593036000,7,Culicidae,08038ade,2020-06-24T22:00:00Z,2020-07-01T12:00:00Z
7.08038ade.1593640800,7,Culicidae,08038ade,2020-07-01T22:00:00Z,2020-07-08T12:00:00Z
7.08038ade.1594245600,7,Culicidae,08038ade,2020-07-08T22:00:00Z,2020-07-15T12:00:00Z
7.08038ade.1594850400,7,Culicidae,08038ade,2020-07-15T22:00:00Z,2020-07-22T12:00:00Z
7.0a5bb6f4.1593036000,7,Culicidae,0a5bb6f4,2020-06-24T22:00:00Z,2020-07-01T12:00:00Z
7.0a5bb6f4.1593640800,7,Culicidae,0a5bb6f4,2020-07-01T22:00:00Z,2020-07-08T12:00:00Z
7.0a5bb6f4.1594245600,7,Culicidae,0a5bb6f4,2020-07-08T22:00:00Z,2020-07-15T12:00:00Z
7.0a5bb6f4.1594850400,7,Culicidae,0a5bb6f4,2020-07-15T22:00:00Z,2020-07-22T12:00:00Z
7.15e612cd.1593036000,7,Culicidae,15e612cd,2020-06-24T22:00:00Z,2020-07-01T12:00:00Z
7.15e612cd.1593640800,7,Culicidae,15e612cd,2020-07-01T22:00:00Z,2020-07-08T12:00:00Z
7.15e612cd.1594245600,7,Culicidae,15e612cd,2020-07-08T22:00:00Z,2020-07-15T12:00:00Z
7.15e612cd.1594850400,7,Culicidae,15e612cd,2020-07-15T22:00:00Z,2020-07-22T12:00:00Z
7.1b74105a.1593036000,7,Culicidae,1b74105a,2020-06-24T22:00:00Z,2020-07-01T12:00:00Z
7.1b74105a.1593640800,7,Culicidae,1b74105a,2020-07-01T22:00:00Z,2020-07-08T12:00:00Z
7.1b74105a.1594245600,7,Culicidae,1b74105a,2020-07-08T22:00:00Z,2020-07-15T12:00:00Z
7.1b74105a.1594850400,7,Culicidae,1b74105a,2020-07-15T22:00:00Z,2020-07-22T12:00:00Z
7.398948ee.1593036000,7,Culicidae,398948ee,2020-06-24T22:00:00Z,2020-07-01T12:00:00Z
7.398948ee.1593640800,7,Culicidae,398948ee,2020-07-01T22:00:00Z,2020-07-08T12:00:00Z
7.398948ee.1594245600,7,Culicidae,398948ee,2020-07-08T22:00:00Z,2020-07-15T12:00:00Z
7.398948ee.1594850400,7,Culicidae,398948ee,2020-07-15T22:00:00Z,2020-07-22T12:00:00Z
7.5595c586.1593036000,7,Culicidae,5595c586,2020-06-24T22:00:00Z,2020-07-01T12:00:00Z
7.5595c586.1593640800,7,Culicidae,5595c586,2020-07-01T22:00:00Z,2020-07-08T12:00:00Z
7.5595c586.1594245600,7,Culicidae,5595c586,2020-07-08T22:00:00Z,2020-07-15T12:00:00Z
7.5595c586.1594850400,7,Culicidae,5595c586,2020-07-15T22:00:00Z,2020-07-22T12:00:00Z
7.5c173ff2.1593036000,7,Culicidae,5c173ff2,2020-06-24T22:00:00Z,2020-07-01T12:00:00Z
7.5c173ff2.1593640800,7,Culicidae,5c173ff2,2020-07-01T22:00:00Z,2020-07-08T12:00:00Z
7.5c173ff2.1594245600,7,Culicidae,5c173ff2,2020-07-08T22:00:00Z,2020-07-15T12:00:00Z
7.5c173ff2.1594850400,7,Culicidae,5c173ff2,2020-07-15T22:00:00Z,2020-07-22T12:00:00Z
7.d9699ed0.1593036000,7,Culicidae,d9699ed0,2020-06-24T22:00:00Z,2020-07-01T12:00:00Z
7.d9699ed0.1593640800,7,Culicidae,d9699ed0,2020-07-01T22:00:00Z,2020-07-08T12:00:00Z
7.d9699ed0.1594245600,7,Culicidae,d9699ed0,2020-07-08T22:00:00Z,2020-07-15T12:00:00Z
7.d9699ed0.1594850400,7,Culicidae,d9699ed0,2020-07-15T22:00:00Z,2020-07-22T12:00:00Z
7.f54ac578.1593036000,7,Culicidae,f54ac578,2020-06-24T22:00:00Z,2020-07-01T12:00:00Z
7.f54ac578.1593640800,7,Culicidae,f54ac578,2020-07-01T22:00:00Z,2020-07-08T12:00:00Z
7.f54ac578.1594245600,7,Culicidae,f54ac578,2020-07-08T22:00:00Z,2020-07-15T12:00:00Z
7.f54ac578.1594850400,7,Culicidae,f54ac578,2020-07-15T22:00:00Z,2020-07-22T12:00:00Z
7.f8d61a5c.1593036000,7,Culicidae,f8d61a5c,2020-06-24T22:00:00Z,2020-07-01T12:00:00Z
7.f8d61a5c.1593640800,7,Culicidae,f8d61a5c,2020-07-01T22:00:00Z,2020-07-08T12:00:00Z
7.f8d61a5c.1594245600,7,Culicidae,f8d61a5c,2020-07-08T22:00:00Z,2020-07-15T12:00:00Z
7.f8d61a5c.1594850400,7,Culicidae,f8d61a5c,2020-07-15T22:00:00Z,2020-07-22T12:00:00Z
8.08038ade.1593036000,8,Calyptratae,08038ade,2020-06-24T22:00:00Z,2020-07-01T12:00:00Z
8.08038ade.1593640800,8,Calyptratae,08038ade,2020-07-01T22:00:00Z,2020-07-08T12:00:00Z
8.08038ade.1594245600,8,Calyptratae,08038ade,2020-07-08T22:00:00Z,2020-07-15T12:00:00Z
8.08038ade.1594850400,8,Calyptratae,08038ade,2020-07-15T22:00:00Z,2020-07-22T12:00:00Z
8.0a5bb6f4.1593036000,8,Calyptratae,0a5bb6f4,2020-06-24T22:00:00Z,2020-07-01T12:00:00Z
8.0a5bb6f4.1593640800,8,Calyptratae,0a5bb6f4,2020-07-01T22:00:00Z,2020-07-08T12:00:00Z
8.0a5bb6f4.1594245600,8,Calyptratae,0a5bb6f4,2020-07-08T22:00:00Z,2020-07-15T12:00:00Z
8.0a5bb6f4.1594850400,8,Calyptratae,0a5bb6f4,2020-07-15T22:00:00Z,2020-07-22T12:00:00Z
8.15e612cd.1593036000,8,Calyptratae,15e612cd,2020-06-24T22:00:00Z,2020-07-01T12:00:00Z
8.15e612cd.1593640800,8,Calyptratae,15e612cd,2020-07-01T22:00:00Z,2020-07-08T12:00:00Z
8.15e612cd.1594245600,8,Calyptratae,15e612cd,2020-07-08T22:00:00Z,2020-07-15T12:00:00Z
8.15e612cd.1594850400,8,Calyptratae,15e612cd,2020-07-15T22:00:00Z,2020-07-22T12:00:00Z
8.1b74105a.1593036000,8,Calyptratae,1b74105a,2020-06-24T22:00:00Z,2020-07-01T12:00:00Z
8.1b74105a.1593640800,8,Calyptratae,1b74105a,2020-07-01T22:00:00Z,2020-07-08T12:00:00Z
8.1b74105a.1594245600,8,Calyptratae,1b74105a,2020-07-08T22:00:00Z,2020-07-15T12:00:00Z
8.1b74105a.1594850400,8,Calyptratae,1b74105a,2020-07-15T22:00:00Z,2020-07-22T12:00:00Z
8.398948ee.1593036000,8,Calyptratae,398948ee,2020-06-24T22:00:00Z,2020-07-01T12:00:00Z
8.398948ee.1593640800,8,Calyptratae,398948ee,2020-07-01T22:00:00Z,2020-07-08T12:00:00Z
8.398948ee.1594245600,8,Calyptratae,398948ee,2020-07-08T22:00:00Z,2020-07-15T12:00:00Z
8.398948ee.1594850400,8,Calyptratae,398948ee,2020-07-15T22:00:00Z,2020-07-22T12:00:00Z
8.5595c586.1593036000,8,Calyptratae,5595c586,2020-06-24T22:00:00Z,2020-07-01T12:00:00Z
8.5595c586.1593640800,8,Calyptratae,5595c586,2020-07-01T22:00:00Z,2020-07-08T12:00:00Z
8.5595c586.1594245600,8,Calyptratae,5595c586,2020-07-08T22:00:00Z,2020-07-15T12:00:00Z
8.5595c586.1594850400,8,Calyptratae,5595c586,2020-07-15T22:00:00Z,2020-07-22T12:00:00Z
8.5c173ff2.1593036000,8,Calyptratae,5c173ff2,2020-06-24T22:00:00Z,2020-07-01T12:00:00Z
8.5c173ff2.1593640800,8,Calyptratae,5c173ff2,2020-07-01T22:00:00Z,2020-07-08T12:00:00Z
8.5c173ff2.1594245600,8,Calyptratae,5c173ff2,2020-07-08T22:00:00Z,2020-07-15T12:00:00Z
8.5c173ff2.1594850400,8,Calyptratae,5c173ff2,2020-07-15T22:00:00Z,2020-07-22T12:00:00Z
8.d9699ed0.1593036000,8,Calyptratae,d9699ed0,2020-06-24T22:00:00Z,2020-07-01T12:00:00Z
8.d9699ed0.1593640800,8,Calyptratae,d9699ed0,2020-07-01T22:00:00Z,2020-07-08T12:00:00Z
8.d9699ed0.1594245600,8,Calyptratae,d9699ed0,2020-07-08T22:00:00Z,2020-07-15T12:00:00Z
8.d9699ed0.1594850400,8,Calyptratae,d9699ed0,2020-07-15T22:00:00Z,2020-07-22T12:00:00Z
8.f54ac578.1593036000,8,Calyptratae,f54ac578,2020-06-24T22:00:00Z,2020-07-01T12:00:00Z
8.f54ac578.1593640800,8,Calyptratae,f54ac578,2020-07-01T22:00:00Z,2020-07-08T12:00:00Z
8.f54ac578.1594245600,8,Calyptratae,f54ac578,2020-07-08T22:00:00Z,2020-07-15T12:00:00Z
8.f54ac578.1594850400,8,Calyptratae,f54ac578,2020-07-15T22:00:00Z,2020-07-22T12:00:00Z
8.f8d61a5c.1593036000,8,Calyptratae,f8d61a5c,2020-06-24T22:00:00Z,2020-07-01T12:00:00Z
8.f8d61a5c.1593640800,8,Calyptratae,f8d61a5c,2020-07-01T22:00:00Z,2020-07-08T12:00:00Z
8.f8d61a5c.1594245600,8,Calyptratae,f8d61a5c,2020-07-08T22:00:00Z,2020-07-15T12:00:00Z
8.f8d61a5c.1594850400,8,Calyptratae,f8d61a5c,2020-07-15T22:00:00Z,2020-07-22T12:00:00Z
9.08038ade.1593036000,9,Sciaridae,08038ade,2020-06-24T22:00:00Z,2020-07-01T12:00:00Z
9.08038ade.1593640800,9,Sciaridae,08038ade,2020-07-01T22:00:00Z,2020-07-08T12:00:00Z
9.08038ade.1594245600,9,Sciaridae,08038ade,2020-07-08T22:00:00Z,2020-07-15T12:00:00Z
9.08038ade.1594850400,9,Sciaridae,08038ade,2020-07-15T22:00:00Z,2020-07-22T12:00:00Z
9.0a5bb6f4.1593036000,9,Sciaridae,0a5bb6f4,2020-06-24T22:00:00Z,2020-07-01T12:00:00Z
9.0a5bb6f4.1593640800,9,Sciaridae,0a5bb6f4,2020-07-01T22:00:00Z,2020-07-08T12:00:00Z
9.0a5bb6f4.1594245600,9,Sciaridae,0a5bb6f4,2020-07-08T22:00:00Z,2020-07-15T12:00:00Z
9.0a5bb6f4.1594850400,9,Sciaridae,0a5bb6f4,2020-07-15T22:00:00Z,2020-07-22T12:00:00Z
9.15e612cd.1593036000,9,Sciaridae,15e612cd,2020-06-24T22:00:00Z,2020-07-01T12:00:00Z
9.15e612cd.1593640800,9,Sciaridae,15e612cd,2020-07-01T22:00:00Z,2020-07-08T12:00:00Z
9.15e612cd.1594245600,9,Sciaridae,15e612cd,2020-07-08T22:00:00Z,2020-07-15T12:00:00Z
9.15e612cd.1594850400,9,Sciaridae,15e612cd,2020-07-15T22:00:00Z,2020-07-22T12:00:00Z
9.1b74105a.1593036000,9,Sciaridae,1b74105a,2020-06-24T22:00:00Z,2020-07-01T12:00:00Z
9.1b74105a.1593640800,9,Sciaridae,1b74105a,2020-07-01T22:00:00Z,2020-07-08T12:00:00Z
9.1b74105a.1594245600,9,Sciaridae,1b74105a,2020-07-08T22:00:00Z,2020-07-15T12:00:00Z
9.1b74105a.1594850400,9,Sciaridae,1b74105a,2020-07-15T22:00:00Z,2020-07-22T12:00:00Z
9.398948ee.1593036000,9,Sciaridae,398948ee,2020-06-24T22:00:00Z,2020-07-01T12:00:00Z
9.398948ee.1593640800,9,Sciaridae,398948ee,2020-07-01T22:00:00Z,2020-07-08T12:00:00Z
9.398948ee.1594245600,9,Sciaridae,398948ee,2020-07-08T22:00:00Z,2020-07-15T12:00:00Z
9.398948ee.1594850400,9,Sciaridae,398948ee,2020-07-15T22:00:00Z,2020-07-22T12:00:00Z
9.5595c586.1593036000,9,Sciaridae,5595c586,2020-06-24T22:00:00Z,2020-07-01T12:00:00Z
9.5595c586.1593640800,9,Sciaridae,5595c586,2020-07-01T22:00:00Z,2020-07-08T12:00:00Z
9.5595c586.1594245600,9,Sciaridae,5595c586,2020-07-08T22:00:00Z,2020-07-15T12:00:00Z
9.5595c586.1594850400,9,Sciaridae,5595c586,2020-07-15T22:00:00Z,2020-07-22T12:00:00Z
9.5c173ff2.1593036000,9,Sciaridae,5c173ff2,2020-06-24T22:00:00Z,2020-07-01T12:00:00Z
9.5c173ff2.1593640800,9,Sciaridae,5c173ff2,2020-07-01T22:00:00Z,2020-07-08T12:00:00Z
9.5c173ff2.1594245600,9,Sciaridae,5c173ff2,2020-07-08T22:00:00Z,2020-07-15T12:00:00Z
9.5c173ff2.1594850400,9,Sciaridae,5c173ff2,2020-07-15T22:00:00Z,2020-07-22T12:00:00Z
9.d9699ed0.1593036000,9,Sciaridae,d9699ed0,2020-06-24T22:00:00Z,2020-07-01T12:00:00Z
9.d9699ed0.1593640800,9,Sciaridae,d9699ed0,2020-07-01T22:00:00Z,2020-07-08T12:00:00Z
9.d9699ed0.1594245600,9,Sciaridae,d9699ed0,2020-07-08T22:00:00Z,2020-07-15T12:00:00Z
9.d9699ed0.1594850400,9,Sciaridae,d9699ed0,2020-07-15T22:00:00Z,2020-07-22T12:00:00Z
9.f54ac578.1593036000,9,Sciaridae,f54ac578,2020-06-24T22:00:00Z,2020-07-01T12:00:00Z
9.f54ac578.1593640800,9,Sciaridae,f54ac578,2020-07-01T22:00:00Z,2020-07-08T12:00:00Z
9.f54ac578.1594245600,9,Sciaridae,f54ac578,2020-07-08T22:00:00Z,2020-07-15T12:00:00Z
9.f54ac578.1594850400,9,Sciaridae,f54ac578,2020-07-15T22:00:00Z,2020-07-22T12:00:00Z
9.f8d61a5c.1593036000,9,Sciaridae,f8d61a5c,2020-06-24T22:00:00Z,2020-07-01T12:00:00Z
9.f8d61a5c.1593640800,9,Sciaridae,f8d61a5c,2020-07-01T22:00:00Z,2020-07-08T12:00:00Z
9.f8d61a5c.1594245600,9,Sciaridae,f8d61a5c,2020-07-08T22:00:00Z,2020-07-15T12:00:00Z
9.f8d61a5c.1594850400,9,Sciaridae,f8d61a5c,2020-07-15T22:00:00Z,2020-07-22T12:00:00Z
